image,precision,recall,iou,dice,edge_precision,edge_recall,edge_iou,edge_dice
..\data_preprocessed\IBF\images\GA 1_PB100636.JPG,0.971580982208252,0.9932747483253479,0.9652312994003296,0.9823080897331238,0.6588628888130188,0.6482458114624023,0.4853447377681732,0.6535112261772156
..\data_preprocessed\IBF\images\GA 1_PB100637.JPG,0.9676476716995239,0.9876198768615723,0.9560509920120239,0.9775317907333374,0.5994015336036682,0.6017587780952454,0.42916131019592285,0.6005778312683105
..\data_preprocessed\IBF\images\GA 1_PB100638.JPG,0.9650937914848328,0.9908350110054016,0.9565547108650208,0.9777950048446655,0.5723737478256226,0.5601708889007568,0.3949010968208313,0.5662065744400024
..\data_preprocessed\IBF\images\GA 1_PB100639.JPG,0.9715684652328491,0.9867986440658569,0.9591023921966553,0.9791243076324463,0.6491308212280273,0.644492506980896,0.4779817759990692,0.6468033790588379
..\data_preprocessed\IBF\images\GA 1_PB100640.JPG,0.9789606332778931,0.989727258682251,0.9691134691238403,0.984314501285553,0.6513906121253967,0.6390283703804016,0.47617846727371216,0.6451503038406372
..\data_preprocessed\IBF\images\GA 1_PB100641.JPG,0.9619140625,0.9948416948318481,0.9571402072906494,0.9781007766723633,0.5610590577125549,0.549651026725769,0.38436707854270935,0.5552964806556702
..\data_preprocessed\IBF\images\GA 1_PB100642.JPG,0.9639056324958801,0.9906277060508728,0.9551947116851807,0.9770839810371399,0.588381290435791,0.5825393795967102,0.41387295722961426,0.585445761680603
..\data_preprocessed\IBF\images\GA 1_PB100643.JPG,0.9647984504699707,0.9888240098953247,0.954391360282898,0.9766634702682495,0.5964486598968506,0.6008228063583374,0.42717254161834717,0.5986277461051941
..\data_preprocessed\IBF\images\GA 1_PB100644.JPG,0.9684513211250305,0.9913630485534668,0.9603484869003296,0.979773223400116,0.5926050543785095,0.5871982574462891,0.41832831501960754,0.5898892283439636
..\data_preprocessed\IBF\images\GA 1_PB100645.JPG,0.9667690992355347,0.9914394617080688,0.9587658047676086,0.9789488911628723,0.5746424794197083,0.5625752210617065,0.39717963337898254,0.568544864654541
..\data_preprocessed\IBF\images\GA 1_PB100646.JPG,0.9667626023292542,0.9919962882995605,0.9592800736427307,0.9792169332504272,0.6314184069633484,0.6176693439483643,0.4539830982685089,0.624468207359314
..\data_preprocessed\IBF\images\GA 1_PB100647.JPG,0.9744167923927307,0.9896671175956726,0.9646033048629761,0.9819827675819397,0.6221852898597717,0.6103177070617676,0.445289671421051,0.6161943674087524
..\data_preprocessed\IBF\images\GA 1_PB100648.JPG,0.9726997017860413,0.989012598991394,0.9623008966445923,0.9807883501052856,0.6136404275894165,0.6049095392227173,0.4380664527416229,0.6092436909675598
..\data_preprocessed\IBF\images\GA 1_PB100649.JPG,0.9761720895767212,0.9924496412277222,0.9689759612083435,0.9842435717582703,0.7311774492263794,0.7216204404830933,0.5703116655349731,0.7263674736022949
..\data_preprocessed\IBF\images\GA 1_PB100650.JPG,0.9616231918334961,0.9890105724334717,0.9514567852020264,0.9751245975494385,0.590913712978363,0.5910939574241638,0.4194502532482147,0.5910038352012634
..\data_preprocessed\IBF\images\GA 1_PB100651.JPG,0.9726410508155823,0.9925382137298584,0.9655805230140686,0.9824889302253723,0.6619870662689209,0.6504266262054443,0.4882678985595703,0.6561559438705444
..\data_preprocessed\IBF\images\GA 1_PB100652.JPG,0.94170743227005,0.9967783689498901,0.9388498663902283,0.9684606194496155,0.5105506777763367,0.5051618218421936,0.34034058451652527,0.507841944694519
..\data_preprocessed\IBF\images\GA 1_PB100653.JPG,0.9677734375,0.9934074282646179,0.9615976810455322,0.9804229140281677,0.6536749601364136,0.6500405073165894,0.4835173785686493,0.6518526673316956
..\data_preprocessed\IBF\images\GA 1_PB100654.JPG,0.9667572975158691,0.9901753067970276,0.9575719237327576,0.978326141834259,0.6132656335830688,0.6115480065345764,0.44134339690208435,0.6124055981636047
..\data_preprocessed\IBF\images\GA 1_PB100655.JPG,0.9674590826034546,0.9936807155609131,0.9615431427955627,0.9803946018218994,0.5956193804740906,0.5814327597618103,0.41687270998954773,0.5884405970573425
..\data_preprocessed\IBF\images\GA 1_PB100656.JPG,0.9740395545959473,0.9875461459159851,0.9622201323509216,0.9807463884353638,0.7168097496032715,0.7216460108757019,0.561548113822937,0.7192197442054749
..\data_preprocessed\IBF\images\GA 1_PB100657.JPG,0.9712271094322205,0.9909805059432983,0.9627169966697693,0.9810043573379517,0.6490799188613892,0.6436771154403687,0.4775055944919586,0.6463672518730164
..\data_preprocessed\IBF\images\GA 1_PB100658.JPG,0.9721583724021912,0.9899750351905823,0.9626811742782593,0.9809858202934265,0.6944471597671509,0.6863476037979126,0.5271531343460083,0.6903735995292664
..\data_preprocessed\IBF\images\GA 1_PB100659.JPG,0.9620262980461121,0.9955792427062988,0.9579342007637024,0.9785152077674866,0.5548508167266846,0.5447528958320618,0.3790777921676636,0.5497554540634155
..\data_preprocessed\IBF\images\GA 1_PB100660.JPG,0.970954418182373,0.9889282584190369,0.960513174533844,0.979858934879303,0.6384082436561584,0.6346858143806458,0.4668580889701843,0.6365415453910828
..\data_preprocessed\IBF\images\GA 1_PB100661.JPG,0.9706252813339233,0.9896107316017151,0.9608344435691833,0.9800260663032532,0.6339704990386963,0.6268212199211121,0.46025437116622925,0.6303756237030029
..\data_preprocessed\IBF\images\GA 1_PB100662.JPG,0.9801100492477417,0.9899136424064636,0.9704189896583557,0.9849874377250671,0.6979597806930542,0.6877913475036621,0.5300325751304626,0.6928382515907288
..\data_preprocessed\IBF\images\GA 1_PB100663.JPG,0.9629313349723816,0.9937150478363037,0.9571022987365723,0.9780810475349426,0.6370057463645935,0.6590456366539001,0.47911301255226135,0.647838294506073
..\data_preprocessed\IBF\images\GA 1_PB100664.JPG,0.9693026542663574,0.9928839802742004,0.9626153111457825,0.9809516072273254,0.6515904664993286,0.6468446254730225,0.4806137979030609,0.6492088437080383
..\data_preprocessed\IBF\images\GA 1_PB100665.JPG,0.965886652469635,0.991229236125946,0.9577016234397888,0.9783938527107239,0.5941142439842224,0.5841848850250244,0.4175426661968231,0.5891076922416687
..\data_preprocessed\IBF\images\GA 1_PB100666.JPG,0.9764962792396545,0.9915986657142639,0.9684836268424988,0.9839895367622375,0.7070931196212769,0.6982800960540771,0.5416147112846375,0.7026589512825012
..\data_preprocessed\IBF\images\GA 1_PB100667.JPG,0.975081205368042,0.9878607988357544,0.9635359644889832,0.981429398059845,0.698665976524353,0.6958985328674316,0.5352487564086914,0.6972795128822327
..\data_preprocessed\IBF\images\GA 1_PB100668.JPG,0.9710932374000549,0.9935930967330933,0.9650502800941467,0.9822143316268921,0.6290621161460876,0.6191053986549377,0.45353490114212036,0.6240440607070923
..\data_preprocessed\IBF\images\GA 1_PB100669.JPG,0.9613403081893921,0.9933678507804871,0.9552094340324402,0.9770916700363159,0.5580868721008301,0.5506528615951538,0.38345590233802795,0.5543449521064758
..\data_preprocessed\IBF\images\GA 1_PB100670.JPG,0.9701021909713745,0.9889033436775208,0.9596557021141052,0.9794125556945801,0.6645866632461548,0.6535912156105042,0.4914722442626953,0.6590430736541748
..\data_preprocessed\IBF\images\GA 1_PB100671.JPG,0.969365119934082,0.9913570284843445,0.9612414240837097,0.9802377223968506,0.6185300946235657,0.6080936789512634,0.4422391951084137,0.6132674813270569
..\data_preprocessed\IBF\images\GA 1_PB100672.JPG,0.9662536382675171,0.9938580393791199,0.9605180621147156,0.9798614382743835,0.5574465990066528,0.5479101538658142,0.3818235993385315,0.5526372194290161
..\data_preprocessed\IBF\images\GA 1_PB100673.JPG,0.9729049801826477,0.9886947274208069,0.9622007608413696,0.9807363152503967,0.63048255443573,0.6176456809043884,0.4534863829612732,0.6239981055259705
..\data_preprocessed\IBF\images\GA 1_PB100674.JPG,0.9712772965431213,0.98662269115448,0.9586525559425354,0.9788898229598999,0.5809134244918823,0.5773864984512329,0.40760278701782227,0.5791445970535278
..\data_preprocessed\IBF\images\GA 1_PB100675.JPG,0.9724828600883484,0.9821963906288147,0.9556373357772827,0.9773154854774475,0.6299673318862915,0.6254538297653198,0.45740988850593567,0.6277024745941162
..\data_preprocessed\IBF\images\GA 1_PB100676.JPG,0.9655243754386902,0.9886689782142639,0.9549570679664612,0.9769596457481384,0.5728816986083984,0.5747811198234558,0.40235722064971924,0.5738298296928406
..\data_preprocessed\IBF\images\GA 1_PB100677.JPG,0.9707462191581726,0.9880821108818054,0.9595115184783936,0.9793374538421631,0.649976909160614,0.6414865255355835,0.47678181529045105,0.6457037925720215
..\data_preprocessed\IBF\images\GA 1_PB100678.JPG,0.9762600660324097,0.9837916493415833,0.9608061909675598,0.9800114035606384,0.6226467490196228,0.6159470081329346,0.4485183358192444,0.6192787885665894
..\data_preprocessed\IBF\images\GA 1_PB100679.JPG,0.9722787737846375,0.9919247031211853,0.9646432995796204,0.9820035099983215,0.6293863654136658,0.6181239485740662,0.4531761109828949,0.6237043142318726
..\data_preprocessed\IBF\images\GA 1_PB100680.JPG,0.9677974581718445,0.9905831217765808,0.9589746594429016,0.9790577292442322,0.6308566927909851,0.6266162395477295,0.45850124955177307,0.6287293434143066
..\data_preprocessed\IBF\images\GA 1_PB100681.JPG,0.9727778434753418,0.9917555451393127,0.9649744033813477,0.9821750521659851,0.6711121201515198,0.6648046970367432,0.5014378428459167,0.66794353723526
..\data_preprocessed\IBF\images\GA 1_PB100682.JPG,0.9724693894386292,0.9904048442840576,0.9633929133415222,0.9813551902770996,0.6423859000205994,0.6342747807502747,0.4687572121620178,0.6383045315742493
..\data_preprocessed\IBF\images\GA 1_PB100683.JPG,0.9744288325309753,0.9890471696853638,0.9640260934829712,0.981683611869812,0.625834584236145,0.6159588694572449,0.4501764178276062,0.6208574771881104
..\data_preprocessed\IBF\images\GA 1_PB100684.JPG,0.9772065877914429,0.9864829182624817,0.9642947316169739,0.9818228483200073,0.6948637962341309,0.6896427869796753,0.5293366312980652,0.6922433972358704
..\data_preprocessed\IBF\images\GA 1_PB100685.JPG,0.9688870310783386,0.9893640279769897,0.9588993191719055,0.9790184497833252,0.631757378578186,0.6277341842651367,0.4595763385295868,0.6297393441200256
..\data_preprocessed\IBF\images\GA 1_PB100686.JPG,0.9728955626487732,0.9886490106582642,0.9621482491493225,0.9807090163230896,0.6943620443344116,0.6979866027832031,0.5339418053627014,0.6961695551872253
..\data_preprocessed\IBF\images\GA 1_PB100687.JPG,0.9720057249069214,0.9917404651641846,0.9642003774642944,0.9817739129066467,0.6387537717819214,0.6289696097373962,0.46394017338752747,0.6338239312171936
..\data_preprocessed\IBF\images\GA 1_PB100688.JPG,0.9727361798286438,0.986135721206665,0.9596126079559326,0.9793901443481445,0.6777259111404419,0.6749039888381958,0.510930061340332,0.6763120293617249
..\data_preprocessed\IBF\images\GA 2_Copy of PB100697.JPG,0.9597739577293396,0.9882150292396545,0.9489128589630127,0.9737868905067444,0.5852067470550537,0.5774478912353516,0.4097427427768707,0.5813014507293701
..\data_preprocessed\IBF\images\GA 2_Copy of PB100698.JPG,0.9796825647354126,0.9897329807281494,0.9698264598846436,0.9846821427345276,0.7187583446502686,0.7075405716896057,0.5541287660598755,0.713105320930481
..\data_preprocessed\IBF\images\GA 2_Copy of PB100699.JPG,0.971459686756134,0.9899953603744507,0.9620152711868286,0.9806399345397949,0.6128134727478027,0.6025986075401306,0.4364340007305145,0.6076631546020508
..\data_preprocessed\IBF\images\GA 2_Copy of PB100700.JPG,0.9649463891983032,0.9917625784873962,0.9572741389274597,0.9781707525253296,0.6594353318214417,0.6922422051429749,0.5099360942840576,0.6754406690597534
..\data_preprocessed\IBF\images\GA 2_Copy of PB100702.JPG,0.9724603295326233,0.9874728322029114,0.9606096148490906,0.9799091219902039,0.5620208978652954,0.5579324960708618,0.38885924220085144,0.5599692463874817
..\data_preprocessed\IBF\images\GA 2_Copy of PB100703.JPG,0.9649438261985779,0.9923108816146851,0.9577823877334595,0.9784359931945801,0.5998947024345398,0.603095531463623,0.43009433150291443,0.60149085521698
..\data_preprocessed\IBF\images\GA 2_Copy of PB100704.JPG,0.9525955319404602,0.9864703416824341,0.9403102993965149,0.9692370295524597,0.4151647090911865,0.3817142844200134,0.2482348531484604,0.39773741364479065
..\data_preprocessed\IBF\images\GA 2_Copy of PB100705.JPG,0.9715557098388672,0.9922991394996643,0.9642850756645203,0.9818178415298462,0.6201069355010986,0.6064847707748413,0.4421900510787964,0.61322021484375
..\data_preprocessed\IBF\images\GA 2_Copy of PB100706.JPG,0.9667397141456604,0.9890142679214478,0.9564688801765442,0.9777501225471497,0.5909714698791504,0.5761066675186157,0.4118753969669342,0.5834444165229797
..\data_preprocessed\IBF\images\GA 2_Copy of PB100707.JPG,0.963377833366394,0.9925980567932129,0.9565062522888184,0.977769672870636,0.5160138607025146,0.5152023434638977,0.3473528027534485,0.5156077742576599
..\data_preprocessed\IBF\images\GA 2_Copy of PB100708.JPG,0.9751444458961487,0.9877628684043884,0.9635044932365417,0.9814130663871765,0.5789827704429626,0.5634757280349731,0.3997015953063965,0.5711240172386169
..\data_preprocessed\IBF\images\GA 2_Copy of PB100709.JPG,0.9666860699653625,0.9928258061408997,0.9599803686141968,0.9795815944671631,0.6013370752334595,0.582953155040741,0.42045700550079346,0.5920024514198303
..\data_preprocessed\IBF\images\GA 2_Copy of PB100710.JPG,0.9615112543106079,0.9926422834396362,0.9547070860862732,0.9768288135528564,0.5691068172454834,0.5616567134857178,0.3940752446651459,0.5653572082519531
..\data_preprocessed\IBF\images\GA 2_Copy of PB100711.JPG,0.9717438220977783,0.9910609126091003,0.9633006453514099,0.981307327747345,0.590609073638916,0.5805791616439819,0.41397833824157715,0.5855511426925659
..\data_preprocessed\IBF\images\GA 2_Copy of PB100712.JPG,0.9612154364585876,0.9876806735992432,0.9498276710510254,0.9742683172225952,0.5545697808265686,0.5486972332000732,0.38085106015205383,0.5516178607940674
..\data_preprocessed\IBF\images\GA 2_Copy of PB100713.JPG,0.9719666838645935,0.9906005859375,0.9630845189094543,0.9811951518058777,0.6101811528205872,0.5942119359970093,0.4307079613208771,0.6020907163619995
..\data_preprocessed\IBF\images\GA 2_Copy of PB100714.JPG,0.9760154485702515,0.9865666627883911,0.9632146954536438,0.9812626838684082,0.6732005476951599,0.6722167134284973,0.5068277716636658,0.67270827293396
..\data_preprocessed\IBF\images\GA 2_Copy of PB100715.JPG,0.9656099677085876,0.9912436008453369,0.9574429988861084,0.9782589077949524,0.6100847721099854,0.597481906414032,0.4323749840259552,0.603717565536499
..\data_preprocessed\IBF\images\GA 2_Copy of PB100716.JPG,0.9745649695396423,0.9922733902931213,0.9672250151634216,0.9833394885063171,0.714881420135498,0.7137697339057922,0.5556032657623291,0.7143251299858093
..\data_preprocessed\IBF\images\GA 2_Copy of PB100717.JPG,0.9734174013137817,0.9887915253639221,0.96279376745224,0.9810442328453064,0.6394656896591187,0.6355283856391907,0.46788015961647034,0.6374909281730652
..\data_preprocessed\IBF\images\GA 2_Copy of PB100718.JPG,0.9770419597625732,0.9894088506698608,0.966929018497467,0.9831864833831787,0.6619832515716553,0.6522632837295532,0.48930010199546814,0.6570873260498047
..\data_preprocessed\IBF\images\GA 2_Copy of PB100719.JPG,0.9734352827072144,0.9900063276290894,0.9639630317687988,0.9816508889198303,0.6768072247505188,0.6741684079170227,0.509986937046051,0.6754852533340454
..\data_preprocessed\IBF\images\GA 2_Copy of PB100720.JPG,0.9721691012382507,0.9882574081420898,0.9610673785209656,0.9801472425460815,0.6278703808784485,0.6339899301528931,0.4608300030231476,0.6309152841567993
..\data_preprocessed\IBF\images\GA 2_Copy of PB100721.JPG,0.9699832797050476,0.992114782333374,0.9625625610351562,0.9809241890907288,0.6054657697677612,0.5953173041343689,0.42892730236053467,0.6003486514091492
..\data_preprocessed\IBF\images\GA 2_Copy of PB100722.JPG,0.974560558795929,0.9902730584144592,0.9653199911117554,0.9823539853096008,0.6402195692062378,0.6254296898841858,0.46277767419815063,0.6327382326126099
..\data_preprocessed\IBF\images\GA 2_Copy of PB100723.JPG,0.9768967628479004,0.9890841245651245,0.9664767980575562,0.9829526543617249,0.7050431370735168,0.6954690217971802,0.5387259125709534,0.7002233862876892
..\data_preprocessed\IBF\images\GA 2_Copy of PB100724.JPG,0.9714022874832153,0.9893931150436401,0.9613903760910034,0.9803151488304138,0.6501815915107727,0.6470588445663452,0.4799647331237793,0.6486164331436157
..\data_preprocessed\IBF\images\GA 2_Copy of PB100725.JPG,0.9818449020385742,0.9854916930198669,0.967854917049408,0.9836649298667908,0.6978470683097839,0.6902967095375061,0.5314537882804871,0.6940513253211975
..\data_preprocessed\IBF\images\GA 2_Copy of PB100726.JPG,0.9739807844161987,0.9913190007209778,0.9657438397407532,0.9825734496116638,0.6618562936782837,0.6536561846733093,0.4900139570236206,0.6577306985855103
..\data_preprocessed\IBF\images\GA 2_Copy of PB100727.JPG,0.9760891199111938,0.9908462166786194,0.9673659801483154,0.9834123253822327,0.6435949206352234,0.6433775424957275,0.4743676483631134,0.6434862613677979
..\data_preprocessed\IBF\images\GA 2_Copy of PB100728.JPG,0.9690749645233154,0.9887577295303345,0.9585136771202087,0.9788174033164978,0.5948213338851929,0.5939621329307556,0.4228712320327759,0.5943914651870728
..\data_preprocessed\IBF\images\GA 2_Copy of PB100729.JPG,0.9776389002799988,0.9912907481193542,0.9693132042884827,0.9844174981117249,0.6879076361656189,0.6759571433067322,0.5173125863075256,0.6818800568580627
..\data_preprocessed\IBF\images\GA 2_Copy of PB100730.JPG,0.9515113830566406,0.9925068020820618,0.9447247385978699,0.9715768098831177,0.6148510575294495,0.6629639863967896,0.46843066811561584,0.6380017399787903
..\data_preprocessed\IBF\images\GA 2_Copy of PB100731.JPG,0.9727243781089783,0.9942258596420288,0.9672601222991943,0.9833576083183289,0.598533570766449,0.5879100561141968,0.42164018750190735,0.5931742787361145
..\data_preprocessed\IBF\images\GA 2_PB100697.JPG,0.9624874591827393,0.9874684810638428,0.9508730173110962,0.9748179316520691,0.6013392806053162,0.5957694053649902,0.42708462476730347,0.5985414385795593
..\data_preprocessed\IBF\images\GA 2_PB100698.JPG,0.9809252619743347,0.9898423552513123,0.9711495637893677,0.9853636622428894,0.7395119071006775,0.7306287884712219,0.5810820460319519,0.735043466091156
..\data_preprocessed\IBF\images\GA 2_PB100699.JPG,0.9688147902488708,0.9905767440795898,0.9599675536155701,0.9795749187469482,0.6092493534088135,0.5969253182411194,0.43166419863700867,0.6030243635177612
..\data_preprocessed\IBF\images\GA 2_PB100700.JPG,0.9634259939193726,0.9926913976669312,0.9566404223442078,0.9778397679328918,0.654518723487854,0.6829745769500732,0.5020021200180054,0.6684439182281494
..\data_preprocessed\IBF\images\GA 2_PB100702.JPG,0.9751059412956238,0.9868940114974976,0.9626402854919434,0.9809645414352417,0.5790387392044067,0.5761224031448364,0.4060513973236084,0.5775768756866455
..\data_preprocessed\IBF\images\GA 2_PB100703.JPG,0.9669501781463623,0.9898115992546082,0.9574208855628967,0.978247344493866,0.5743234157562256,0.5711419582366943,0.4012748599052429,0.5727282762527466
..\data_preprocessed\IBF\images\GA 2_PB100704.JPG,0.9483934640884399,0.9969660043716431,0.94566410779953,0.9720733761787415,0.39221686124801636,0.3722154200077057,0.23605915904045105,0.38195446133613586
..\data_preprocessed\IBF\images\GA 2_PB100705.JPG,0.9744174480438232,0.991018533706665,0.9658876657485962,0.9826478958129883,0.6465339064598083,0.6341762542724609,0.4709077775478363,0.6402954459190369
..\data_preprocessed\IBF\images\GA 2_PB100706.JPG,0.9695663452148438,0.9900259971618652,0.9601873159408569,0.979689359664917,0.572648823261261,0.5590891242027283,0.3944937288761139,0.5657877326011658
..\data_preprocessed\IBF\images\GA 2_PB100707.JPG,0.9730491638183594,0.9886833429336548,0.9623309969902039,0.9808039665222168,0.5824844837188721,0.5850648880004883,0.41220182180404663,0.583771824836731
..\data_preprocessed\IBF\images\GA 2_PB100708.JPG,0.9600264430046082,0.9803795218467712,0.941929042339325,0.970096230506897,0.5137121081352234,0.49399593472480774,0.33659565448760986,0.5036611557006836
..\data_preprocessed\IBF\images\GA 2_PB100709.JPG,0.9656441807746887,0.9939630627632141,0.960013747215271,0.9795989990234375,0.6078905463218689,0.5897085666656494,0.42720696330070496,0.5986615419387817
..\data_preprocessed\IBF\images\GA 2_PB100710.JPG,0.959743857383728,0.9922114014625549,0.952567458152771,0.9757075905799866,0.5552990436553955,0.5479807257652283,0.38084888458251953,0.5516155958175659
..\data_preprocessed\IBF\images\GA 2_PB100711.JPG,0.9675449728965759,0.9915986061096191,0.9596779346466064,0.9794241189956665,0.5673089623451233,0.5572621822357178,0.3910534381866455,0.562240719795227
..\data_preprocessed\IBF\images\GA 2_PB100712.JPG,0.9670009016990662,0.9868939518928528,0.9547402262687683,0.9768461585044861,0.5926864743232727,0.5886521339416504,0.4191064238548279,0.59066241979599
..\data_preprocessed\IBF\images\GA 2_PB100713.JPG,0.9731252789497375,0.990078330039978,0.9637272357940674,0.9815285801887512,0.6206833124160767,0.6034690141677856,0.4408756196498871,0.6119551658630371
..\data_preprocessed\IBF\images\GA 2_PB100714.JPG,0.9731875658035278,0.9879945516586304,0.9618135690689087,0.9805351495742798,0.6477444767951965,0.6449799537658691,0.4774969220161438,0.6463592648506165
..\data_preprocessed\IBF\images\GA 2_PB100715.JPG,0.969098687171936,0.9903430938720703,0.9600266814231873,0.9796057343482971,0.6397010087966919,0.6323840618133545,0.46629875898361206,0.6360214948654175
..\data_preprocessed\IBF\images\GA 2_PB100716.JPG,0.9763450622558594,0.9914583563804626,0.9682011008262634,0.9838436841964722,0.7381430864334106,0.7369213104248047,0.5841981768608093,0.7375316619873047
..\data_preprocessed\IBF\images\GA 2_PB100717.JPG,0.9746739268302917,0.9894894361495972,0.9646863341331482,0.9820258021354675,0.6604714393615723,0.6579556465148926,0.49165916442871094,0.6592111587524414
..\data_preprocessed\IBF\images\GA 2_PB100718.JPG,0.9784780740737915,0.9900609850883484,0.9689602255821228,0.9842354655265808,0.6873589754104614,0.6772664189338684,0.5177677869796753,0.6822753548622131
..\data_preprocessed\IBF\images\GA 2_PB100719.JPG,0.9748048186302185,0.9893426895141602,0.9646750688552856,0.9820199608802795,0.6852796673774719,0.6823720932006836,0.5195522308349609,0.6838228106498718
..\data_preprocessed\IBF\images\GA 2_PB100720.JPG,0.9738713502883911,0.9871386289596558,0.9616692066192627,0.9804601073265076,0.5974903702735901,0.6005719304084778,0.42757943272590637,0.599027156829834
..\data_preprocessed\IBF\images\GA 2_PB100721.JPG,0.9699429869651794,0.9921948313713074,0.9625982642173767,0.9809427261352539,0.5985667705535889,0.5893592834472656,0.4224016070365906,0.5939273238182068
..\data_preprocessed\IBF\images\GA 2_PB100722.JPG,0.9745081067085266,0.9910922050476074,0.9660467505455017,0.9827301502227783,0.6403603553771973,0.6258540749549866,0.4630835950374603,0.6330240964889526
..\data_preprocessed\IBF\images\GA 2_PB100723.JPG,0.9744972586631775,0.9901064038276672,0.9650994539260864,0.9822397828102112,0.6797364950180054,0.6690068244934082,0.508669912815094,0.6743289828300476
..\data_preprocessed\IBF\images\GA 2_PB100724.JPG,0.9724615216255188,0.9885580539703369,0.9616376757621765,0.9804437160491943,0.6434441804885864,0.6391987204551697,0.47201094031333923,0.6413144469261169
..\data_preprocessed\IBF\images\GA 2_PB100725.JPG,0.9838929176330566,0.9847259521484375,0.9691033363342285,0.9843092560768127,0.7054194211959839,0.6982999444007874,0.540644109249115,0.7018416523933411
..\data_preprocessed\IBF\images\GA 2_PB100726.JPG,0.9748400449752808,0.9908415079116821,0.9661346077919006,0.9827756285667419,0.6688305735588074,0.6592304110527039,0.4970012903213501,0.6639958024024963
..\data_preprocessed\IBF\images\GA 2_PB100727.JPG,0.9758411049842834,0.9905423521995544,0.9668328166007996,0.983136773109436,0.6425813436508179,0.6424883008003235,0.47333428263664246,0.6425347924232483
..\data_preprocessed\IBF\images\GA 2_PB100728.JPG,0.9724681377410889,0.9874359965324402,0.9605823159217834,0.9798948764801025,0.6251989006996155,0.6304886937141418,0.4575481712818146,0.6278326511383057
..\data_preprocessed\IBF\images\GA 2_PB100729.JPG,0.9793568849563599,0.9901837706565857,0.9699398875236511,0.9847405552864075,0.6903964877128601,0.6799797415733337,0.5210843086242676,0.6851485371589661
..\data_preprocessed\IBF\images\GA 2_PB100730.JPG,0.9511519074440002,0.9930721521377563,0.9448822736740112,0.9716601371765137,0.6180640459060669,0.6653673052787781,0.4715013802051544,0.64084392786026
..\data_preprocessed\IBF\images\GA 2_PB100731.JPG,0.9747183918952942,0.9830300211906433,0.9585886597633362,0.9788565635681152,0.6016083359718323,0.5757356286048889,0.41681960225105286,0.588387668132782
..\data_preprocessed\IBF\images\GA 2_PB100732.JPG,0.9462436437606812,0.9943644404411316,0.9411961436271667,0.9697074294090271,0.5369360446929932,0.533720850944519,0.3654893636703491,0.5353236198425293
..\data_preprocessed\IBF\images\GA 2_PB100733.JPG,0.9480104446411133,0.9977840185165405,0.946018636226654,0.972260594367981,0.39244505763053894,0.38501644134521484,0.24123013019561768,0.38869526982307434
..\data_preprocessed\IBF\images\GA 2_PB100734.JPG,0.9737579822540283,0.9914000630378723,0.9656016230583191,0.9824998378753662,0.6465394496917725,0.6349447965621948,0.4713343679904938,0.6406896710395813
..\data_preprocessed\IBF\images\GA 2_PB100735.JPG,0.9643164277076721,0.9949271082878113,0.9595982432365417,0.9793826341629028,0.644024670124054,0.6229912042617798,0.46341463923454285,0.6333333253860474
..\data_preprocessed\IBF\images\GA 2_PB100736.JPG,0.973690927028656,0.9881153106689453,0.9624198079109192,0.980850100517273,0.628575325012207,0.619671106338501,0.4535849690437317,0.6240914463996887
..\data_preprocessed\IBF\images\GA 2_PB100737.JPG,0.9768504500389099,0.9900299906730652,0.9673344492912292,0.983396053314209,0.7016357779502869,0.6887733936309814,0.5327374339103699,0.6951450705528259
..\data_preprocessed\IBF\images\GA 2_PB100738.JPG,0.9753881692886353,0.9886781573295593,0.9646137356758118,0.9819881916046143,0.6484239101409912,0.6428263187408447,0.47668278217315674,0.6456129550933838
..\data_preprocessed\IBF\images\GA 2_PB100739.JPG,0.9712173342704773,0.9878725409507751,0.9597739577293396,0.9794741272926331,0.6081372499465942,0.6077669262886047,0.43673208355903625,0.6079519987106323
..\data_preprocessed\IBF\images\GA 2_PB100740.JPG,0.9619674682617188,0.9912837147712708,0.9538989067077637,0.9764055609703064,0.621285080909729,0.6082960367202759,0.4437534809112549,0.614721953868866
..\data_preprocessed\IBF\images\GA 2_PB100741.JPG,0.974802553653717,0.9868435263633728,0.9622966051101685,0.9807860851287842,0.6091185808181763,0.6020577549934387,0.4342753291130066,0.6055676341056824
..\data_preprocessed\IBF\images\GA 2_PB100742.JPG,0.9738052487373352,0.9904988408088684,0.9647931456565857,0.9820811152458191,0.6874580383300781,0.6819327473640442,0.5205474495887756,0.6846842765808105
..\data_preprocessed\IBF\images\GA 2_PB100743.JPG,0.9722824096679688,0.9908682107925415,0.9636476635932922,0.9814873337745667,0.6861168146133423,0.6820590496063232,0.5198514461517334,0.6840819120407104
..\data_preprocessed\IBF\images\GA 2_PB100744.JPG,0.9730686545372009,0.9882980585098267,0.9619849920272827,0.9806241989135742,0.638069212436676,0.6285641193389893,0.463358610868454,0.6332809925079346
..\data_preprocessed\IBF\images\GA 2_PB100745.JPG,0.9733003377914429,0.990539014339447,0.9643355011940002,0.9818440079689026,0.6494675278663635,0.6486423015594482,0.4804447889328003,0.6490546464920044
..\data_preprocessed\IBF\images\GA 2_PB100746.JPG,0.9724794626235962,0.9897733330726624,0.9628052115440369,0.9810501933097839,0.6391513347625732,0.629554808139801,0.46446847915649414,0.6343168020248413
..\data_preprocessed\IBF\images\GA 2_PB100747.JPG,0.9744625091552734,0.9917486310005188,0.9666255712509155,0.9830296039581299,0.6731285452842712,0.6688346862792969,0.5048623085021973,0.6709747314453125
..\data_preprocessed\IBF\images\GA 2_PB100748.JPG,0.9751886129379272,0.9882364273071289,0.9639983177185059,0.9816691875457764,0.6646281480789185,0.6536731123924255,0.4915412366390228,0.659105122089386
..\data_preprocessed\IBF\images\GA 2_PB100749.JPG,0.9655542373657227,0.9888290762901306,0.955135703086853,0.9770531058311462,0.6105485558509827,0.6062513589859009,0.43718671798706055,0.6083923578262329
..\data_preprocessed\IBF\images\GA 2_PB100750.JPG,0.9796472787857056,0.9902348518371582,0.9702737331390381,0.984912633895874,0.6988636255264282,0.6913860440254211,0.5326900482177734,0.695104718208313
..\data_preprocessed\IBF\images\GA 2_PB100751.JPG,0.9757646322250366,0.9878750443458557,0.9642168879508972,0.9817824959754944,0.7352775931358337,0.7381001114845276,0.5831378698348999,0.7366861701011658
..\data_preprocessed\IBF\images\GT 1_P9110007.JPG,0.9675958752632141,0.9914847612380981,0.9596213698387146,0.9793946743011475,0.6019612550735474,0.5970054864883423,0.4280339777469635,0.5994731187820435
..\data_preprocessed\IBF\images\GT 1_P9110008.JPG,0.9688546657562256,0.9899207353591919,0.9593905210494995,0.9792744517326355,0.6553100943565369,0.6512281894683838,0.48507070541381836,0.6532627940177917
..\data_preprocessed\IBF\images\GT 1_P9110010.JPG,0.9689131379127502,0.9901455640792847,0.9596590399742126,0.9794142842292786,0.6049114465713501,0.5995060801506042,0.4308163821697235,0.6021966338157654
..\data_preprocessed\IBF\images\GT 1_P9110011.JPG,0.9515224695205688,0.9940797090530396,0.9461607336997986,0.9723356366157532,0.5463564991950989,0.5459362268447876,0.3756542205810547,0.5461462736129761
..\data_preprocessed\IBF\images\GT 1_P9110012.JPG,0.9708126187324524,0.9893890619277954,0.9608089923858643,0.980012834072113,0.6121706366539001,0.6054548621177673,0.43760186433792114,0.6087942123413086
..\data_preprocessed\IBF\images\GT 1_P9110013.JPG,0.9716030359268188,0.9887753129005432,0.9610034227371216,0.9801139831542969,0.636962890625,0.6323148608207703,0.46480482816696167,0.6346303820610046
..\data_preprocessed\IBF\images\GT 1_P9110014.JPG,0.9707018733024597,0.9875207543373108,0.9589388370513916,0.9790390729904175,0.5841758847236633,0.5778486132621765,0.4094383418560028,0.5809950232505798
..\data_preprocessed\IBF\images\GT 1_P9110016.JPG,0.9754579663276672,0.9890945553779602,0.9650784730911255,0.9822289347648621,0.7658403515815735,0.7581373453140259,0.6154689192771912,0.7619693875312805
..\data_preprocessed\IBF\images\GT 1_P9110017.JPG,0.9692319631576538,0.9902269244194031,0.960048258304596,0.9796169400215149,0.5839894413948059,0.5681344270706177,0.40444788336753845,0.5759528279304504
..\data_preprocessed\IBF\images\GT 1_P9110018.JPG,0.9681169986724854,0.9937431216239929,0.9622515439987183,0.9807626605033875,0.6485911011695862,0.6377241611480713,0.4739606976509094,0.6431117057800293
..\data_preprocessed\IBF\images\GT 1_P9110019.JPG,0.9695942997932434,0.9910479784011841,0.9611760377883911,0.9802037477493286,0.7351794838905334,0.7179957628250122,0.5704578757286072,0.7264860272407532
..\data_preprocessed\IBF\images\GT 1_P9110020.JPG,0.9683801531791687,0.9905268549919128,0.9594939351081848,0.9793282747268677,0.5888637900352478,0.5849480628967285,0.41532737016677856,0.5868993997573853
..\data_preprocessed\IBF\images\GT 1_P9110021.JPG,0.9717161655426025,0.9904412031173706,0.9626879692077637,0.9809893369674683,0.6586777567863464,0.6552701592445374,0.48916947841644287,0.6569695472717285
..\data_preprocessed\IBF\images\GT 1_P9110022.JPG,0.9707220196723938,0.9937222599983215,0.9648054242134094,0.9820874929428101,0.669755756855011,0.6612792611122131,0.4986780285835266,0.6654905080795288
..\data_preprocessed\IBF\images\GT 1_P9110023.JPG,0.9766655564308167,0.9879257678985596,0.9651449918746948,0.9822633862495422,0.6699865460395813,0.664762556552887,0.5007852911949158,0.6673642992973328
..\data_preprocessed\IBF\images\GT 1_P9110024.JPG,0.9753225445747375,0.9810919761657715,0.9573277831077576,0.978198766708374,0.6013652682304382,0.6210845112800598,0.439953088760376,0.6110658645629883
..\data_preprocessed\IBF\images\GT 1_P9110025.JPG,0.9618450403213501,0.9897812008857727,0.9523874521255493,0.9756131768226624,0.5835660099983215,0.5790886878967285,0.40975990891456604,0.581318736076355
..\data_preprocessed\IBF\images\GT 1_P9110026.JPG,0.9703643321990967,0.9885995984077454,0.9596260190010071,0.9793970584869385,0.6707608699798584,0.6670259237289429,0.5025033950805664,0.6688882112503052
..\data_preprocessed\IBF\images\GT 1_P9110027.JPG,0.9634585976600647,0.9887171387672424,0.9529809355735779,0.9759244918823242,0.6607111096382141,0.6666517853736877,0.49663424491882324,0.663668155670166
..\data_preprocessed\IBF\images\GT 1_P9110028.JPG,0.9730342030525208,0.9901478290557861,0.9637037515640259,0.981516420841217,0.6786362528800964,0.6721068024635315,0.5098393559455872,0.6753557920455933
..\data_preprocessed\IBF\images\GT 1_P9110029.JPG,0.973655641078949,0.991479754447937,0.9655766487121582,0.98248690366745,0.689251720905304,0.6799695491790771,0.5204259753227234,0.6845791935920715
..\data_preprocessed\IBF\images\GT 1_P9110030.JPG,0.977932333946228,0.98675537109375,0.9652621150016785,0.9823240637779236,0.6679428815841675,0.661408007144928,0.49774518609046936,0.6646593809127808
..\data_preprocessed\IBF\images\GT 1_P9110032.JPG,0.9729695916175842,0.9889996647834778,0.9625527858734131,0.9809191226959229,0.6792416572570801,0.6707531213760376,0.5094006061553955,0.6749706864356995
..\data_preprocessed\IBF\images\GT 1_P9110033.JPG,0.972783088684082,0.9899598956108093,0.9632794857025146,0.9812963604927063,0.6838289499282837,0.6719146966934204,0.5126527547836304,0.6778194904327393
..\data_preprocessed\IBF\images\GT 1_P9110034.JPG,0.9668769836425781,0.9916319251060486,0.9590518474578857,0.9790979623794556,0.6388421058654785,0.6333948373794556,0.4663904905319214,0.6361068487167358
..\data_preprocessed\IBF\images\GT 1_P9110035.JPG,0.9756788015365601,0.9882721900939941,0.9645113348960876,0.9819351434707642,0.709342896938324,0.7051215767860413,0.5470607280731201,0.7072259187698364
..\data_preprocessed\IBF\images\GT 1_P9110037.JPG,0.9723387956619263,0.9908542037010193,0.9636898040771484,0.9815092086791992,0.6569749712944031,0.6502734422683716,0.48545041680336,0.6536070108413696
..\data_preprocessed\IBF\images\GT 1_P9110038.JPG,0.9764865636825562,0.9875242114067078,0.9645870923995972,0.9819743633270264,0.680890679359436,0.6767389178276062,0.5137850642204285,0.6788084506988525
..\data_preprocessed\IBF\images\GT 1_P9110039.JPG,0.9693278670310974,0.9931472539901733,0.962887704372406,0.9810929894447327,0.6433997750282288,0.6364104747772217,0.4704650044441223,0.6398860216140747
..\data_preprocessed\IBF\images\GT 1_P9110040.JPG,0.9716578125953674,0.9918400645256042,0.9639521241188049,0.9816452264785767,0.688791811466217,0.6842623353004456,0.5226721167564392,0.6865196228027344
..\data_preprocessed\IBF\images\GT 1_P9110042.JPG,0.962834894657135,0.9681139588356018,0.9332398176193237,0.9654672145843506,0.5731551051139832,0.5497819781303406,0.39007169008255005,0.5612252950668335
..\data_preprocessed\IBF\images\GT 1_P9110043.JPG,0.967472493648529,0.9899678826332092,0.9580793380737305,0.9785909056663513,0.6595363616943359,0.6672868728637695,0.4963216483592987,0.6633889675140381
..\data_preprocessed\IBF\images\GT 1_P9110044.JPG,0.9714924097061157,0.9913480281829834,0.9633246660232544,0.981319785118103,0.6454203128814697,0.6382063627243042,0.47252964973449707,0.6417930126190186
..\data_preprocessed\IBF\images\GT 1_P9110045.JPG,0.9707772731781006,0.9914658665657043,0.9627326130867004,0.9810125231742859,0.6168204545974731,0.6058185696601868,0.4401647746562958,0.611270010471344
..\data_preprocessed\IBF\images\GT 1_P9110046.JPG,0.974464476108551,0.9917240738868713,0.9666041135787964,0.9830185174942017,0.7208495736122131,0.7118714451789856,0.5580357313156128,0.7163323760032654
..\data_preprocessed\IBF\images\GT 1_P9110047.JPG,0.9669378995895386,0.9919697046279907,0.9594277739524841,0.9792938232421875,0.6229828596115112,0.6147945523262024,0.44808080792427063,0.6188616156578064
..\data_preprocessed\IBF\images\GT 1_P9110048.JPG,0.9753819108009338,0.990697979927063,0.9665302038192749,0.9829803109169006,0.7073777914047241,0.6993277668952942,0.5424121618270874,0.7033297419548035
..\data_preprocessed\IBF\images\GT 1_P9110049.JPG,0.9709324836730957,0.9923049807548523,0.9636766910552979,0.9815024137496948,0.6964372992515564,0.6877108216285706,0.5291064381599426,0.692046582698822
..\data_preprocessed\IBF\images\GT 1_P9110050.JPG,0.9724580645561218,0.9884710907936096,0.9615519642829895,0.9803991913795471,0.6544186472892761,0.6471862196922302,0.482340544462204,0.6507823467254639
..\data_preprocessed\IBF\images\GT 1_P9110051.JPG,0.9707193374633789,0.9863144755363464,0.957818329334259,0.9784547686576843,0.6678621768951416,0.6629005074501038,0.49854499101638794,0.6653720736503601
..\data_preprocessed\IBF\images\GT 1_P9110052.JPG,0.9701415300369263,0.9871276021003723,0.9580216407775879,0.9785608053207397,0.6629812121391296,0.6558281779289246,0.49185293912887573,0.6593852639198303
..\data_preprocessed\IBF\images\GT 1_P9110053.JPG,0.9728688597679138,0.9901452660560608,0.9635391235351562,0.9814310669898987,0.6877914667129517,0.6824133396148682,0.5210188031196594,0.6850918531417847
..\data_preprocessed\IBF\images\GT 1_P9110054.JPG,0.9684910178184509,0.9869868159294128,0.956279993057251,0.9776514768600464,0.5699239373207092,0.5846630930900574,0.405678391456604,0.5771994590759277
..\data_preprocessed\IBF\images\GT 1_P9110055.JPG,0.9664621949195862,0.9908511638641357,0.9579141139984131,0.9785047173500061,0.6464859843254089,0.6401346325874329,0.4741594195365906,0.643294632434845
..\data_preprocessed\IBF\images\GT 1_P9110056.JPG,0.9726364016532898,0.9914313554763794,0.9645283222198486,0.9819439053535461,0.6774694919586182,0.6680968403816223,0.5068756937980652,0.6727505326271057
..\data_preprocessed\IBF\images\GT 1_P9110057.JPG,0.9713490009307861,0.9892930388450623,0.9612436890602112,0.9802389144897461,0.6361573338508606,0.6301847100257874,0.46322575211524963,0.633156955242157
..\data_preprocessed\IBF\images\GT 1_P9110058.JPG,0.9704498648643494,0.9894627928733826,0.9605231285095215,0.9798641204833984,0.6673603653907776,0.6589095592498779,0.49600720405578613,0.6631080508232117
..\data_preprocessed\IBF\images\GT 1_P9110059.JPG,0.9695300459861755,0.9836345314979553,0.9541390538215637,0.9765313863754272,0.6261830925941467,0.6223363280296326,0.45375651121139526,0.6242538094520569
..\data_preprocessed\IBF\images\GT 1_P9110060.JPG,0.97517329454422,0.98739093542099,0.9631787538528442,0.9812440872192383,0.669026792049408,0.6646896600723267,0.5002076029777527,0.6668511629104614
..\data_preprocessed\IBF\images\GT 1_P9110061.JPG,0.9738302826881409,0.9898006916046143,0.9641552567481995,0.9817505478858948,0.6541857123374939,0.6470949649810791,0.48216328024864197,0.6506209969520569
..\data_preprocessed\IBF\images\GT 2_P9110062.JPG,0.9737327098846436,0.9861888289451599,0.9606328010559082,0.9799211621284485,0.6517955660820007,0.6398183107376099,0.4768337309360504,0.645751416683197
..\data_preprocessed\IBF\images\GT 2_P9110064.JPG,0.9730837345123291,0.9915983080863953,0.9651264548301697,0.9822537899017334,0.6767364740371704,0.6663956046104431,0.5054870247840881,0.6715262532234192
..\data_preprocessed\IBF\images\GT 2_P9110065.JPG,0.9751854538917542,0.9909490346908569,0.9665761590003967,0.9830040335655212,0.7266352772712708,0.7136716842651367,0.5626161694526672,0.720095157623291
..\data_preprocessed\IBF\images\GT 2_P9110066.JPG,0.9766606688499451,0.9858850240707397,0.9631924033164978,0.9812511801719666,0.6505435109138489,0.6566668152809143,0.48543256521224976,0.6535908579826355
..\data_preprocessed\IBF\images\GT 2_P9110067.JPG,0.9615347981452942,0.9894658327102661,0.951791524887085,0.9753003716468811,0.6170864105224609,0.604453980922699,0.43957892060279846,0.6107048392295837
..\data_preprocessed\IBF\images\GT 2_P9110069.JPG,0.9781607985496521,0.9888217449188232,0.9674628376960754,0.983462393283844,0.6923041343688965,0.6830918788909912,0.5240036249160767,0.687667191028595
..\data_preprocessed\IBF\images\GT 2_P9110070.JPG,0.9766059517860413,0.9834766983985901,0.96084064245224,0.980029284954071,0.601709246635437,0.6062387228012085,0.4326293468475342,0.6039654612541199
..\data_preprocessed\IBF\images\GT 2_P9110071.JPG,0.9767182469367981,0.9883862137794495,0.9656359553337097,0.9825176000595093,0.6915724873542786,0.6808291673660278,0.5222539901733398,0.6861587762832642
..\data_preprocessed\IBF\images\GT 2_P9110073.JPG,0.961199939250946,0.9830908179283142,0.94556725025177,0.9720221757888794,0.6218993663787842,0.6404743194580078,0.46097394824028015,0.6310502290725708
..\data_preprocessed\IBF\images\GT 2_P9110074.JPG,0.9685609936714172,0.992094099521637,0.9611425399780273,0.9801862835884094,0.6539234519004822,0.6417636871337891,0.47905638813972473,0.6477864980697632
..\data_preprocessed\IBF\images\GT 2_P9110075.JPG,0.9754081964492798,0.9891186356544495,0.9650526642799377,0.9822155833244324,0.658703088760376,0.6466083526611328,0.4843398630619049,0.6525996923446655
..\data_preprocessed\IBF\images\GT 2_P9110076.JPG,0.9677848815917969,0.9892711043357849,0.9577326774597168,0.9784100651741028,0.5793843865394592,0.5725813508033752,0.404457688331604,0.5759627819061279
..\data_preprocessed\IBF\images\GT 2_P9110078.JPG,0.9698441624641418,0.994418203830719,0.9645930528640747,0.9819774627685547,0.6181755065917969,0.6047123670578003,0.44026827812194824,0.6113698482513428
..\data_preprocessed\IBF\images\GT 2_P9110079.JPG,0.975869357585907,0.9881070256233215,0.9645401835441589,0.981950044631958,0.7026798129081726,0.69626384973526,0.5378193855285645,0.6994571089744568
..\data_preprocessed\IBF\images\GT 2_P9110080.JPG,0.9770529866218567,0.988211989402771,0.9657967686653137,0.9826008081436157,0.6971296072006226,0.6893216967582703,0.5304603576660156,0.6932036876678467
..\data_preprocessed\IBF\images\GT 2_P9110081.JPG,0.9769024848937988,0.9874832034111023,0.9649537801742554,0.9821643233299255,0.6633188128471375,0.657803475856781,0.4931497573852539,0.6605496406555176
..\data_preprocessed\IBF\images\GT 2_P9110082.JPG,0.972811222076416,0.9879719614982605,0.9614246487617493,0.9803329706192017,0.6108766198158264,0.599465012550354,0.43381205201148987,0.6051170229911804
..\data_preprocessed\IBF\images\GT 2_P9110083.JPG,0.9770108461380005,0.9894465804100037,0.9669346809387207,0.9831894040107727,0.6885117888450623,0.6808784008026123,0.520535409450531,0.6846738457679749
..\data_preprocessed\IBF\images\GT 2_P9110084.JPG,0.9735329747200012,0.9871659874916077,0.9613651633262634,0.980302095413208,0.6115360856056213,0.606126606464386,0.4376278221607208,0.6088193655014038
..\data_preprocessed\IBF\images\GT 2_P9110085.JPG,0.9750837683677673,0.9911705851554871,0.966687023639679,0.9830613732337952,0.6976569890975952,0.6894130706787109,0.530819833278656,0.6935105323791504
..\data_preprocessed\IBF\images\GT 2_P9110086.JPG,0.974807620048523,0.9882705211639404,0.963658332824707,0.9814928770065308,0.6669586896896362,0.6590877771377563,0.4958861768245697,0.6629998683929443
..\data_preprocessed\IBF\images\GT 2_P9110087.JPG,0.9715901017189026,0.98932284116745,0.9615079760551453,0.9803763031959534,0.59344083070755,0.5910660028457642,0.4207078218460083,0.5922510027885437
..\data_preprocessed\IBF\images\GT 2_P9110088.JPG,0.9751695990562439,0.9878253936767578,0.9635885953903198,0.9814566969871521,0.647773265838623,0.6410707831382751,0.475366473197937,0.6444045901298523
..\data_preprocessed\IBF\images\GT 2_P9110089.JPG,0.9749270677566528,0.9924635291099548,0.9677624106407166,0.9836171269416809,0.6668881177902222,0.6584896445274353,0.4955085515975952,0.6626622676849365
..\data_preprocessed\IBF\images\GT 2_P9110090.JPG,0.9732635021209717,0.9862931966781616,0.9602751135826111,0.9797350168228149,0.6158614158630371,0.6155528426170349,0.44478094577789307,0.6157070994377136
..\data_preprocessed\IBF\images\GT 2_P9110091.JPG,0.9797551035881042,0.9833739399909973,0.9637899994850159,0.9815611839294434,0.6810849905014038,0.6800376176834106,0.5157955884933472,0.6805608868598938
..\data_preprocessed\IBF\images\GT 2_P9110092.JPG,0.9664603471755981,0.9913418889045715,0.9583709239959717,0.9787430167198181,0.6064502596855164,0.590669572353363,0.426997572183609,0.5984559059143066
..\data_preprocessed\IBF\images\GT 2_P9110093.JPG,0.9767693877220154,0.9895135164260864,0.9667620062828064,0.9831001162528992,0.7031944990158081,0.696559727191925,0.5382975339889526,0.6998614072799683
..\data_preprocessed\IBF\images\GT 2_P9110094.JPG,0.9700424075126648,0.9901533722877502,0.9607741832733154,0.9799947142601013,0.5999563336372375,0.5874828696250916,0.4221252202987671,0.5936540961265564
..\data_preprocessed\IBF\images\GT 2_P9110096.JPG,0.9685400128364563,0.9900916814804077,0.9592424035072327,0.9791972637176514,0.5672860741615295,0.558619499206543,0.39171043038368225,0.5629194378852844
..\data_preprocessed\IBF\images\GT 2_P9110097.JPG,0.9719359874725342,0.9896634817123413,0.9621686339378357,0.9807196259498596,0.6251076459884644,0.6199547052383423,0.4519272744655609,0.6225205063819885
..\data_preprocessed\IBF\images\GT 2_P9110098.JPG,0.968429684638977,0.9872608780860901,0.9564774036407471,0.9777545928955078,0.548649251461029,0.5410391688346863,0.37439820170402527,0.5448176264762878
..\data_preprocessed\IBF\images\GT 2_P9110100.JPG,0.9722931981086731,0.9912776350975037,0.964045524597168,0.9816936254501343,0.6478317379951477,0.6410256624221802,0.47537314891815186,0.6444107294082642
..\data_preprocessed\IBF\images\GT 2_P9110101.JPG,0.9720876216888428,0.9891759753227234,0.9618563055992126,0.9805573225021362,0.5851535797119141,0.58133465051651,0.4116695523262024,0.5832378268241882
..\data_preprocessed\IBF\images\GT 2_P9110103.JPG,0.9696347713470459,0.9893577098846436,0.959625780582428,0.9793969392776489,0.5738764405250549,0.5537884831428528,0.392421692609787,0.5636535286903381
..\data_preprocessed\IBF\images\GT 2_P9110105.JPG,0.9737504124641418,0.9821687340736389,0.9568350911140442,0.9779414534568787,0.6267354488372803,0.6307955980300903,0.45853278040885925,0.62875896692276
..\data_preprocessed\IBF\images\GT 2_P9110106.JPG,0.9612380266189575,0.991888701915741,0.9537410140037537,0.9763228297233582,0.5641179084777832,0.5565181970596313,0.3891708552837372,0.5602922439575195
..\data_preprocessed\IBF\images\GT 2_P9110109.JPG,0.9591313600540161,0.9822182655334473,0.9427614808082581,0.970537543296814,0.6212617754936218,0.6351770162582397,0.45787718892097473,0.6281423568725586
..\data_preprocessed\IBF\images\GT 2_P9110110.JPG,0.9624993205070496,0.9905641674995422,0.9537548422813416,0.9763301014900208,0.5628514885902405,0.5473009347915649,0.38405171036720276,0.5549672842025757
..\data_preprocessed\IBF\images\GT 2_P9110111.JPG,0.9775534868240356,0.9833868145942688,0.961671769618988,0.9804614782333374,0.6248887777328491,0.6418743133544922,0.4633443355560303,0.6332677006721497
..\data_preprocessed\IBF\images\GT 2_P9110112.JPG,0.9771614670753479,0.9867687821388245,0.9645239114761353,0.9819416403770447,0.681719183921814,0.675687313079834,0.5136491656303406,0.6786898970603943
..\data_preprocessed\IBF\images\GT 2_P9110114.JPG,0.968848705291748,0.9867053031921387,0.9563642740249634,0.9776954650878906,0.6121616363525391,0.6023021340370178,0.4359479546546936,0.6071918606758118
..\data_preprocessed\IBF\images\GT 2_P9110115.JPG,0.9710577726364136,0.9911125898361206,0.9626752138137817,0.9809827208518982,0.6615763902664185,0.6548373699188232,0.4905235767364502,0.6581896543502808
..\data_preprocessed\IBF\images\GT 2_P9110118.JPG,0.9738321304321289,0.9869593381881714,0.9614608287811279,0.9803518056869507,0.6448425650596619,0.6343686580657959,0.4701155722141266,0.639562726020813
..\data_preprocessed\IBF\images\GT 2_P9110119.JPG,0.9745680689811707,0.9845349192619324,0.9598738551139832,0.979526162147522,0.647163987159729,0.6394237279891968,0.47413328289985657,0.6432706117630005
..\data_preprocessed\IBF\images\GT 2_P9110121.JPG,0.9757083654403687,0.9882521033287048,0.9645211100578308,0.9819401502609253,0.6642990708351135,0.6570837497711182,0.4932858645915985,0.6606717109680176
..\data_preprocessed\IBF\images\GT 2_P9110122.JPG,0.9712028503417969,0.9888420701026917,0.9606748819351196,0.9799430966377258,0.5778377056121826,0.5627878904342651,0.3988102376461029,0.5702134966850281
..\data_preprocessed\IBF\images\GT 2_P9110124.JPG,0.968601405620575,0.991813600063324,0.9609190821647644,0.9800701141357422,0.6468678712844849,0.6354489326477051,0.47178682684898376,0.6411075592041016
..\data_preprocessed\IBF\images\GT 2_P9110125.JPG,0.9755772948265076,0.9853923320770264,0.9616695046424866,0.9804602861404419,0.6668521165847778,0.6612117290496826,0.49702832102775574,0.6640199422836304
..\data_preprocessed\IBF\images\GT 2_P9110127.JPG,0.9776332974433899,0.9843899607658386,0.9627084732055664,0.9809999465942383,0.6563892364501953,0.6454285383224487,0.4824288487434387,0.6508627533912659
..\data_preprocessed\IBF\images\GT 3_PB090362.JPG,0.9718061089515686,0.9737292528152466,0.946977436542511,0.9727667570114136,0.7196338772773743,0.7137396931648254,0.5584512948989868,0.7166746854782104
..\data_preprocessed\IBF\images\GT 3_PB090363.JPG,0.972824215888977,0.9787580966949463,0.9527094960212708,0.9757820963859558,0.7876406908035278,0.7829850316047668,0.6465051174163818,0.7853059768676758
..\data_preprocessed\IBF\images\GT 3_PB090364.JPG,0.9607657790184021,0.9784539937973022,0.9408605098724365,0.9695292115211487,0.6691908836364746,0.66745924949646,0.5018667578697205,0.6683239340782166
..\data_preprocessed\IBF\images\GT 3_PB090365.JPG,0.9607579708099365,0.9792150259017944,0.9415566325187683,0.9698987007141113,0.711971640586853,0.7074956893920898,0.5500590801239014,0.7097265720367432
..\data_preprocessed\IBF\images\GT 3_PB090367.JPG,0.9713531732559204,0.9865127801895142,0.9586226940155029,0.9788742661476135,0.7333333492279053,0.7313653826713562,0.5777201056480408,0.7323480248451233
..\data_preprocessed\IBF\images\GT 3_PB090370.JPG,0.966121256351471,0.9831250905990601,0.9503613710403442,0.9745489954948425,0.6173923015594482,0.6090280413627625,0.44214993715286255,0.6131816506385803
..\data_preprocessed\IBF\images\GT 3_PB090371.JPG,0.9720200896263123,0.9906700849533081,0.963202714920044,0.9812564849853516,0.7251538634300232,0.7195403575897217,0.5653570294380188,0.7223361730575562
..\data_preprocessed\IBF\images\GT 3_PB090373.JPG,0.9636501669883728,0.98320472240448,0.9480441212654114,0.9733292460441589,0.7262879610061646,0.7202462553977966,0.5664829015731812,0.7232545018196106
..\data_preprocessed\IBF\images\GT 3_PB090374.JPG,0.9640951752662659,0.9779627323150635,0.9435957670211792,0.9709794521331787,0.6226125955581665,0.6170158982276917,0.44906702637672424,0.6198015809059143
..\data_preprocessed\IBF\images\GT 3_PB090376.JPG,0.9690064787864685,0.9814923405647278,0.9516183137893677,0.9752094745635986,0.621687114238739,0.6185932159423828,0.4494185149669647,0.6201363205909729
..\data_preprocessed\IBF\images\GT 3_PB090377.JPG,0.9700326919555664,0.986356794834137,0.957189679145813,0.9781266450881958,0.6345985531806946,0.6278086304664612,0.4611181914806366,0.6311853528022766
..\data_preprocessed\IBF\images\GT 3_PB090378.JPG,0.9655203223228455,0.9888396263122559,0.9551122784614563,0.9770408868789673,0.7245190143585205,0.7161849737167358,0.5629003643989563,0.7203279137611389
..\data_preprocessed\IBF\images\GT 3_PB090379.JPG,0.9648085832595825,0.9861446022987366,0.9519049525260925,0.9753599166870117,0.5900212526321411,0.5816621780395508,0.4142390191555023,0.5858119130134583
..\data_preprocessed\IBF\images\GT 3_PB090380.JPG,0.9650527238845825,0.9844434857368469,0.9505566358566284,0.9746516942977905,0.6184747219085693,0.6135324239730835,0.44508010149002075,0.6159936785697937
..\data_preprocessed\IBF\images\GT 3_PB090381.JPG,0.9708176851272583,0.9841093420982361,0.9558340311050415,0.9774183630943298,0.6764211654663086,0.674192488193512,0.5097814798355103,0.6753050088882446
..\data_preprocessed\IBF\images\GT 3_PB090382.JPG,0.9704538583755493,0.9868414998054504,0.958056628704071,0.9785791039466858,0.7122774720191956,0.706943929195404,0.5499078035354614,0.7096006870269775
..\data_preprocessed\IBF\images\GT 3_PB090383.JPG,0.9726300835609436,0.9854556918144226,0.9588655233383179,0.9790008664131165,0.7520591616630554,0.7431482076644897,0.5969047546386719,0.7475771307945251
..\data_preprocessed\IBF\images\GT 3_PB090384.JPG,0.9718067646026611,0.9872138500213623,0.9597271084785461,0.9794497489929199,0.6620173454284668,0.6562626957893372,0.49156609177589417,0.6591274738311768
..\data_preprocessed\IBF\images\GT 3_PB090385.JPG,0.9567013382911682,0.9924107193946838,0.9497527480125427,0.9742289185523987,0.6385542154312134,0.6339275240898132,0.4665256142616272,0.6362324953079224
..\data_preprocessed\IBF\images\GT 3_PB090386.JPG,0.965285062789917,0.9847802519798279,0.9510961771011353,0.9749352335929871,0.6824471354484558,0.6751894950866699,0.5137740969657898,0.6787989139556885
..\data_preprocessed\IBF\images\GT 3_PB090387.JPG,0.9693706035614014,0.9799073934555054,0.9504783749580383,0.9746105074882507,0.6246098279953003,0.6210288405418396,0.4522368609905243,0.6228141784667969
..\data_preprocessed\IBF\images\GT 3_PB090388.JPG,0.9743098020553589,0.9826942086219788,0.9578744769096375,0.978484034538269,0.7008757591247559,0.694200336933136,0.535534679889679,0.6975220441818237
..\data_preprocessed\IBF\images\GT 3_PB090389.JPG,0.9643229246139526,0.9868433475494385,0.9520825147628784,0.9754531383514404,0.6393183469772339,0.6355884671211243,0.46783384680747986,0.6374479532241821
..\data_preprocessed\IBF\images\GT 3_PB090390.JPG,0.9703884124755859,0.9861030578613281,0.9572969079017639,0.9781826138496399,0.6814375519752502,0.6773496270179749,0.5144487023353577,0.6793874502182007
..\data_preprocessed\IBF\images\GT 3_PB090391.JPG,0.967101514339447,0.9889534711837769,0.9567660689353943,0.9779054522514343,0.6552445888519287,0.6481577157974243,0.4833294749259949,0.6516819000244141
..\data_preprocessed\IBF\images\GT 3_PB090392.JPG,0.9654908776283264,0.9870086908340454,0.9533752799034119,0.9761312007904053,0.6005242466926575,0.5946633219718933,0.42610570788383484,0.5975794196128845
..\data_preprocessed\IBF\images\GT 3_PB090393.JPG,0.9642422795295715,0.9870458841323853,0.952192485332489,0.975510835647583,0.6817420721054077,0.6744614243507385,0.5129533410072327,0.6780821681022644
..\data_preprocessed\IBF\images\GT 3_PB090395.JPG,0.972642183303833,0.9849392771720886,0.9583883881568909,0.978752076625824,0.7072930932044983,0.7060496211051941,0.5463967323303223,0.7066708207130432
..\data_preprocessed\IBF\images\GT 3_PB090396.JPG,0.965530514717102,0.9851922988891602,0.9517189860343933,0.9752623438835144,0.6328474879264832,0.6248739957809448,0.45861417055130005,0.6288354992866516
..\data_preprocessed\IBF\images\GT 3_PB090397.JPG,0.9737706780433655,0.9882990121841431,0.9626719951629639,0.9809810519218445,0.7955456376075745,0.7886820435523987,0.6557647585868835,0.7920989394187927
..\data_preprocessed\IBF\images\GT 3_PB090398.JPG,0.9688493609428406,0.9847769737243652,0.9545531868934631,0.9767482280731201,0.6726891398429871,0.6673604846000671,0.5037754774093628,0.6700142025947571
..\data_preprocessed\IBF\images\GT 3_PB090399.JPG,0.9691858291625977,0.9841651916503906,0.954304575920105,0.9766180515289307,0.6944915652275085,0.6873251795768738,0.5277552604675293,0.6908897757530212
..\data_preprocessed\IBF\images\GT 3_PB090400.JPG,0.9690995812416077,0.9876983165740967,0.9575420022010803,0.9783105850219727,0.7027624249458313,0.6964520215988159,0.5379800200462341,0.6995930075645447
..\data_preprocessed\IBF\images\GT 3_PB090401.JPG,0.9635322690010071,0.9894020557403564,0.9536893963813782,0.9762958288192749,0.6309853196144104,0.6257864832878113,0.45812466740608215,0.6283751726150513
..\data_preprocessed\IBF\images\GT 3_PB090402.JPG,0.9728963971138,0.9896746277809143,0.9631204009056091,0.9812138080596924,0.6625363230705261,0.6589874625205994,0.4933811128139496,0.6607571244239807
..\data_preprocessed\IBF\images\GT 3_PB090403.JPG,0.9715750217437744,0.986852765083313,0.9591599106788635,0.9791542887687683,0.6652264595031738,0.6575201153755188,0.4940434396266937,0.6613508462905884
..\data_preprocessed\IBF\images\GT 3_PB090404.JPG,0.9652698636054993,0.9848635792732239,0.9511591792106628,0.9749683141708374,0.5970665216445923,0.5911825895309448,0.4225863814353943,0.5941099524497986
..\data_preprocessed\IBF\images\GT 3_PB090405.JPG,0.9674130082130432,0.9844119548797607,0.952816903591156,0.9758384227752686,0.6813052296638489,0.6775220036506653,0.5144727230072021,0.6794083714485168
..\data_preprocessed\IBF\images\GT 3_PB090406.JPG,0.9759880304336548,0.9804378151893616,0.9573452472686768,0.9782078266143799,0.7796269059181213,0.7719097137451172,0.6336520910263062,0.775749146938324
..\data_preprocessed\IBF\images\GT 3_PB090407.JPG,0.9684991836547852,0.9874006509780884,0.9566764235496521,0.9778586030006409,0.6220102906227112,0.6169538497924805,0.4487208127975464,0.6194717288017273
..\data_preprocessed\IBF\images\GT 3_PB090408.JPG,0.9564239382743835,0.9827840924263,0.9406639337539673,0.969424843788147,0.6461342573165894,0.6427903175354004,0.47542452812194824,0.6444579362869263
..\data_preprocessed\IBF\images\GT 3_PB090409.JPG,0.9611147046089172,0.9788842797279358,0.9415932297706604,0.9699181318283081,0.6633663177490234,0.658153235912323,0.4933726191520691,0.6607494950294495
..\data_preprocessed\IBF\images\GT 3_PB090410.JPG,0.9673475027084351,0.982158899307251,0.9506427645683289,0.974696934223175,0.6456112265586853,0.6421883702278137,0.4748123288154602,0.6438952684402466
..\data_preprocessed\IBF\images\GT 3_PB090411.JPG,0.9666041135787964,0.974561333656311,0.9428159594535828,0.9705663919448853,0.6803149580955505,0.6762487292289734,0.5131749510765076,0.6782757639884949
..\data_preprocessed\IBF\images\GT 3_PB090412.JPG,0.9735239148139954,0.9792317748069763,0.9538300633430481,0.9763695001602173,0.7505334615707397,0.7404605150222778,0.594213604927063,0.745462954044342
..\data_preprocessed\IBF\images\GT 3_PB090413.JPG,0.9699961543083191,0.9862847328186035,0.9570862650871277,0.9780726432800293,0.7287710905075073,0.7242157459259033,0.570458173751831,0.726486325263977
..\data_preprocessed\IBF\images\GT 3_PB090414.JPG,0.9693496227264404,0.9803693890571594,0.9508928656578064,0.9748283624649048,0.6594038605690002,0.6521664261817932,0.4878352880477905,0.655765175819397
..\data_preprocessed\IBF\images\GT 3_PB090415.JPG,0.9659972786903381,0.9829149842262268,0.950045108795166,0.9743826985359192,0.6603178381919861,0.6566051244735718,0.4908198118209839,0.6584562659263611
..\data_preprocessed\IBF\images\GT 3_PB090416.JPG,0.9711646437644958,0.9809263348579407,0.9531652331352234,0.9760211110115051,0.707531213760376,0.7032320499420166,0.5448489785194397,0.705375075340271
..\data_preprocessed\IBF\images\GT 3_PB090417.JPG,0.9630772471427917,0.9825390577316284,0.9468714594841003,0.9727107882499695,0.6993054747581482,0.6907452344894409,0.5325658321380615,0.6949989795684814
..\data_preprocessed\IBF\images\GT 3_PB090418.JPG,0.973931610584259,0.977155864238739,0.952250063419342,0.9755410552024841,0.7144259810447693,0.7104732394218445,0.5533306002616882,0.7124441266059875
..\data_preprocessed\IBF\images\GT 3_PB090419.JPG,0.9703335762023926,0.9875118732452393,0.9585710763931274,0.9788473844528198,0.6821672320365906,0.6792856454849243,0.5159822702407837,0.6807233691215515
..\data_preprocessed\IBF\images\Sunset House Acropora Biru_P9110133.JPG,0.9788834452629089,0.9842656254768372,0.9638015627861023,0.9815671443939209,0.659599781036377,0.6545644402503967,0.48928365111351013,0.6570724844932556
..\data_preprocessed\IBF\images\Sunset House Acropora Biru_P9110135.JPG,0.973787784576416,0.9858489036560059,0.9603638648986816,0.9797812104225159,0.6590909361839294,0.6538926959037781,0.4886285662651062,0.6564815044403076
..\data_preprocessed\IBF\images\Sunset House Acropora Biru_P9110136.JPG,0.9720265865325928,0.981407105922699,0.954450249671936,0.9766943454742432,0.6431015133857727,0.6522249579429626,0.4788864254951477,0.6476311087608337
..\data_preprocessed\IBF\images\Sunset House Acropora Biru_P9110138.JPG,0.97858065366745,0.9875061511993408,0.9666130542755127,0.9830231666564941,0.7693700790405273,0.7618747353553772,0.6202256679534912,0.7656040787696838
..\data_preprocessed\IBF\images\Sunset House Acropora Biru_P9110139.JPG,0.9735366702079773,0.9862435460090637,0.9604939222335815,0.9798489212989807,0.6041041016578674,0.5943718552589417,0.4277539849281311,0.5991984605789185
..\data_preprocessed\IBF\images\Sunset House Acropora Biru_P9110140.JPG,0.9739275574684143,0.9849034547805786,0.9596023559570312,0.9793847799301147,0.676296591758728,0.6750131845474243,0.5101796984672546,0.6756542921066284
..\data_preprocessed\IBF\images\Sunset House Acropora Biru_P9110142.JPG,0.9758032560348511,0.9829639196395874,0.9595749378204346,0.9793704748153687,0.6396604180335999,0.6327977180480957,0.46650204062461853,0.636210560798645
..\data_preprocessed\IBF\images\Sunset House Acropora Biru_P9110143.JPG,0.975853681564331,0.9855209589004517,0.9620605707168579,0.9806634783744812,0.6484807133674622,0.6406648755073547,0.47552376985549927,0.6445491313934326
..\data_preprocessed\IBF\images\Sunset House Acropora Biru_P9110144.JPG,0.977062463760376,0.9858426451683044,0.9635426998138428,0.9814329147338867,0.6732940077781677,0.6699020266532898,0.505563497543335,0.6715937256813049
..\data_preprocessed\IBF\images\Sunset House Acropora Biru_P9110145.JPG,0.9663686156272888,0.9858280420303345,0.9531275629997253,0.9760013222694397,0.6652894616127014,0.6549059748649597,0.492600679397583,0.6600568890571594
..\data_preprocessed\IBF\images\Sunset House Acropora Biru_P9110146.JPG,0.9730187058448792,0.9885538816452026,0.9621785283088684,0.9807247519493103,0.7161515951156616,0.7149534821510315,0.5570892095565796,0.715552031993866
..\data_preprocessed\IBF\images\Sunset House Acropora Biru_P9110147.JPG,0.9682852029800415,0.9851968884468079,0.9543996453285217,0.9766678214073181,0.5628958344459534,0.562427818775177,0.3914608955383301,0.5626617670059204
..\data_preprocessed\IBF\images\Sunset House Acropora Biru_P9110148.JPG,0.9671493768692017,0.9881124496459961,0.9560256600379944,0.9775184988975525,0.5918607711791992,0.5864391326904297,0.41757258772850037,0.5891374945640564
..\data_preprocessed\IBF\images\Sunset House Acropora Biru_P9110149.JPG,0.9734339118003845,0.9870899319648743,0.9611964821815491,0.9802143573760986,0.7074233293533325,0.7023589015007019,0.5442608594894409,0.704882025718689
..\data_preprocessed\IBF\images\Sunset House Acropora Biru_P9110150.JPG,0.9725630283355713,0.9857953786849976,0.9591219425201416,0.9791345000267029,0.65996253490448,0.6517658233642578,0.4879165291786194,0.6558386087417603
..\data_preprocessed\IBF\images\Sunset House Acropora Biru_P9110152.JPG,0.9684498906135559,0.9900714159011841,0.9591349959373474,0.9791412949562073,0.5756320953369141,0.5668676495552063,0.399791955947876,0.5712162852287292
..\data_preprocessed\IBF\images\Sunset House Acropora Biru_P9110153.JPG,0.9659422636032104,0.9905252456665039,0.9570990800857544,0.9780793190002441,0.5778428912162781,0.5686932802200317,0.40176916122436523,0.57323157787323
..\data_preprocessed\IBF\images\Sunset House Acropora Biru_P9110154.JPG,0.9575974345207214,0.9929123520851135,0.9510961771011353,0.9749352335929871,0.5217570066452026,0.5156059265136719,0.35013189911842346,0.518663227558136
..\data_preprocessed\IBF\images\Sunset House Acropora Biru_P9110155.JPG,0.9638129472732544,0.9894264936447144,0.9539870619773865,0.9764517545700073,0.5684676170349121,0.5644895434379578,0.395158976316452,0.5664715766906738
..\data_preprocessed\IBF\images\Sunset House Acropora Biru_P9110157.JPG,0.9627519249916077,0.9866175651550293,0.9503416419029236,0.9745386242866516,0.5619693398475647,0.5546685457229614,0.38724642992019653,0.5582950711250305
..\data_preprocessed\IBF\images\Sunset House Acropora Biru_P9110158.JPG,0.965258002281189,0.9879466891288757,0.9540229439735413,0.9764705896377563,0.5933446288108826,0.5850054025650024,0.41758063435554504,0.5891455411911011
..\data_preprocessed\IBF\images\Sunset House Acropora Biru_P9110159.JPG,0.9782446622848511,0.9857026934623718,0.9645584225654602,0.9819595217704773,0.6992439031600952,0.6933863759040833,0.5340986251831055,0.6963028311729431
..\data_preprocessed\IBF\images\Sunset House Acropora Biru_P9110160.JPG,0.9760722517967224,0.9878533482551575,0.9644964933395386,0.9819274544715881,0.6841519474983215,0.6805222630500793,0.5178332924842834,0.6823322772979736
..\data_preprocessed\IBF\images\Sunset House Acropora Biru_P9110161.JPG,0.9706490635871887,0.9905928373336792,0.9617835879325867,0.9805195927619934,0.6333978772163391,0.6295729279518127,0.4614323675632477,0.6314796209335327
..\data_preprocessed\IBF\images\Sunset House Acropora Biru_P9110162.JPG,0.977229654788971,0.9887155294418335,0.9664505124092102,0.9829390645027161,0.7298461198806763,0.7228348851203918,0.5702575445175171,0.7263235449790955
..\data_preprocessed\IBF\images\Sunset House Acropora Biru_P9110163.JPG,0.9716237187385559,0.9884695410728455,0.9607347846031189,0.9799742698669434,0.6409734487533569,0.6342104077339172,0.4679696261882782,0.6375740170478821
..\data_preprocessed\IBF\images\Sunset House Acropora Biru_P9110164.JPG,0.9684134125709534,0.9827097654342651,0.9521893262863159,0.9755092263221741,0.5948939919471741,0.5930171608924866,0.4224286377429962,0.5939540863037109
..\data_preprocessed\IBF\images\Sunset House Acropora Biru_P9110165.JPG,0.9745196104049683,0.9896053075790405,0.964645266532898,0.9820045232772827,0.6537370681762695,0.6497116088867188,0.4833693504333496,0.6517181396484375
..\data_preprocessed\IBF\images\Sunset House Acropora Biru_P9110166.JPG,0.9740070700645447,0.9871918559074402,0.9618521332740784,0.9805551767349243,0.7053651809692383,0.7003620862960815,0.5418473482131958,0.7028547525405884
..\data_preprocessed\IBF\images\Sunset House Acropora Biru_P9110167.JPG,0.9753254652023315,0.9874327182769775,0.9633669853210449,0.9813417196273804,0.6997476816177368,0.6930766105651855,0.5342084765434265,0.6963961720466614
..\data_preprocessed\IBF\images\Sunset House Acropora Biru_P9110169.JPG,0.9681532382965088,0.9870690107345581,0.9560277462005615,0.9775196313858032,0.6195012331008911,0.6154358386993408,0.44661468267440796,0.6174618601799011
..\data_preprocessed\IBF\images\Sunset House Acropora Biru_P9110170.JPG,0.9739025831222534,0.9876388907432556,0.9621745347976685,0.9807226657867432,0.6297929883003235,0.6248266696929932,0.4569826126098633,0.6273000240325928
..\data_preprocessed\IBF\images\Sunset House Acropora Biru_P9110172.JPG,0.9709357023239136,0.986041784286499,0.9577717781066895,0.978430449962616,0.6211597919464111,0.6152186989784241,0.4473612308502197,0.6181749701499939
..\data_preprocessed\IBF\images\Sunset House Acropora Biru_P9110175.JPG,0.9668456315994263,0.9877959489822388,0.9554327726364136,0.9772084951400757,0.6385790109634399,0.6371453404426575,0.46827933192253113,0.6378613710403442
..\data_preprocessed\IBF\images\Sunset House Acropora Biru_P9110176.JPG,0.974224328994751,0.9891431331634521,0.963917076587677,0.9816270470619202,0.6532523036003113,0.6484474539756775,0.4824049770832062,0.6508409976959229
..\data_preprocessed\IBF\images\Sunset House Acropora Biru_P9110178.JPG,0.9621973633766174,0.994496762752533,0.9571012854576111,0.9780805110931396,0.5502845644950867,0.5491156578063965,0.37902453541755676,0.5496994853019714
..\data_preprocessed\IBF\images\Sunset House Acropora Biru_P9110180.JPG,0.9672785401344299,0.9911096692085266,0.958958089351654,0.9790490865707397,0.6632457375526428,0.6564458012580872,0.49234601855278015,0.659828245639801
..\data_preprocessed\IBF\images\Sunset House Acropora Biru_P9110181.JPG,0.9776010513305664,0.9845173954963684,0.9627991318702698,0.9810470342636108,0.7096341848373413,0.7061851024627686,0.5478743314743042,0.7079054117202759
..\data_preprocessed\IBF\images\Sunset House Acropora Biru_P9110182.JPG,0.9718929529190063,0.9896675944328308,0.9621303677558899,0.9806997179985046,0.6769124269485474,0.6710676550865173,0.5082699060440063,0.6739773750305176
..\data_preprocessed\IBF\images\Sunset House Acropora Biru_P9110183.JPG,0.9723783135414124,0.9861062169075012,0.9592364430427551,0.979194164276123,0.6098487973213196,0.6013223528862,0.4342629611492157,0.605555534362793
..\data_preprocessed\IBF\images\Sunset House Acropora Biru_P9110185.JPG,0.9746495485305786,0.9855665564537048,0.9609336256980896,0.9800776243209839,0.7040733098983765,0.6986661553382874,0.5400718450546265,0.7013593316078186
..\data_preprocessed\IBF\images\Sunset House Acropora Biru_P9110187.JPG,0.979130208492279,0.9874290227890015,0.9670752882957458,0.9832621216773987,0.6842575073242188,0.6779204607009888,0.516385555267334,0.6810742020606995
..\data_preprocessed\IBF\images\Sunset House Acropora Biru_P9110188.JPG,0.9702775478363037,0.9911592602729797,0.9619523286819458,0.980607271194458,0.6114705801010132,0.6064521670341492,0.43776389956474304,0.6089510321617126
..\data_preprocessed\IBF\images\Sunset House Acropora Biru_P9110189.JPG,0.9728158116340637,0.9890574812889099,0.9624570608139038,0.9808694124221802,0.6349199414253235,0.6288143992424011,0.46183061599731445,0.6318524479866028
..\data_preprocessed\IBF\images\Sunset House Acropora Biru_P9110190.JPG,0.9737769961357117,0.9879252910614014,0.9623236060142517,0.9808001518249512,0.6749458909034729,0.6721885800361633,0.5078003406524658,0.6735644340515137
..\data_preprocessed\IBF\images\Sunset House Acropora Biru_P9110191.JPG,0.9693565964698792,0.9828509092330933,0.9532339572906494,0.9760571122169495,0.6383804082870483,0.6354637145996094,0.46726393699645996,0.6369187235832214
..\data_preprocessed\IBF\images\Sunset House Acropora Biru_P9110192.JPG,0.9726871848106384,0.9896343946456909,0.9628773331642151,0.9810876250267029,0.6595948338508606,0.6554062962532043,0.4897511303424835,0.6574938893318176
..\data_preprocessed\IBF\images\Sunset House Acropora Biru_P9110193.JPG,0.9737414121627808,0.9883137345314026,0.9626573920249939,0.980973482131958,0.6510767936706543,0.6464086174964905,0.4800938367843628,0.6487343311309814
..\data_preprocessed\IBF\images\Sunset House Acropora Biru_P9110194.JPG,0.9758085012435913,0.9872742295265198,0.9636872410774231,0.9815078973770142,0.669962465763092,0.6689803600311279,0.503161609172821,0.669471025466919
..\data_preprocessed\IBF\images\Sunset House Acropora Biru_P9110196.JPG,0.9819669723510742,0.9890045523643494,0.9713624119758606,0.9854732155799866,0.74163419008255,0.7402663826942444,0.5884988307952881,0.7409496307373047
..\data_preprocessed\IBF\images\Warung Sasak Gili Air_P9120197.JPG,0.9745694994926453,0.9878652095794678,0.9630404710769653,0.9811722636222839,0.6280882954597473,0.6226525902748108,0.45492494106292725,0.6253586411476135
..\data_preprocessed\IBF\images\Warung Sasak Gili Air_P9120198.JPG,0.9772425293922424,0.9853039979934692,0.9632030725479126,0.9812566637992859,0.6855836510658264,0.6772651076316833,0.5167590379714966,0.6813989877700806
..\data_preprocessed\IBF\images\Warung Sasak Gili Air_P9120199.JPG,0.9725468158721924,0.9897768497467041,0.9628745317459106,0.9810861945152283,0.6426708698272705,0.6270264983177185,0.46493563055992126,0.6347523331642151
..\data_preprocessed\IBF\images\Warung Sasak Gili Air_P9120200.JPG,0.9710550308227539,0.9903321266174316,0.9619361162185669,0.9805988073348999,0.632420003414154,0.6236922740936279,0.45775339007377625,0.6280258297920227
..\data_preprocessed\IBF\images\Warung Sasak Gili Air_P9120201.JPG,0.971687912940979,0.9873897433280945,0.9597773551940918,0.9794759154319763,0.6345221400260925,0.6287208795547485,0.4615696668624878,0.6316081881523132
..\data_preprocessed\IBF\images\Warung Sasak Gili Air_P9120202.JPG,0.9608193039894104,0.9858832955360413,0.9477799534797668,0.9731899499893188,0.539819598197937,0.5400291085243225,0.36979201436042786,0.5399243235588074
..\data_preprocessed\IBF\images\Warung Sasak Gili Air_P9120203.JPG,0.97478187084198,0.9894733428955078,0.9647768139839172,0.982072651386261,0.6821601390838623,0.6722562909126282,0.5119123458862305,0.6771720051765442
..\data_preprocessed\IBF\images\Warung Sasak Gili Air_P9120204.JPG,0.9647996425628662,0.990524172782898,0.9559762477874756,0.9774926900863647,0.6042768359184265,0.5983967185020447,0.42992210388183594,0.6013224124908447
..\data_preprocessed\IBF\images\Warung Sasak Gili Air_P9120205.JPG,0.9747316837310791,0.9830566048622131,0.9586268067359924,0.9788764715194702,0.5610764026641846,0.5568982362747192,0.3879053294658661,0.5589795112609863
..\data_preprocessed\IBF\images\Warung Sasak Gili Air_P9120207.JPG,0.9698512554168701,0.9829954504966736,0.9538484215736389,0.9763791561126709,0.5761209726333618,0.5703627467155457,0.40176504850387573,0.5732274055480957
..\data_preprocessed\IBF\images\Warung Sasak Gili Air_P9120208.JPG,0.9425036311149597,0.9785130620002747,0.9233928322792053,0.9601708054542542,0.33279576897621155,0.30864614248275757,0.19066496193408966,0.32026633620262146
..\data_preprocessed\IBF\images\Warung Sasak Gili Air_P9120209.JPG,0.9715700745582581,0.9891601800918579,0.9613346457481384,0.9802862405776978,0.6565321087837219,0.6367715001106262,0.477651447057724,0.646500825881958
..\data_preprocessed\IBF\images\Warung Sasak Gili Air_P9120212.JPG,0.9766091704368591,0.9875871539115906,0.964766800403595,0.9820674657821655,0.6811234354972839,0.6715492010116577,0.5109191536903381,0.676302433013916
..\data_preprocessed\IBF\images\Warung Sasak Gili Air_P9120214.JPG,0.9693455100059509,0.9802787899971008,0.9508036375045776,0.9747815132141113,0.5131030678749084,0.5081861615180969,0.3428521752357483,0.5106328129768372
..\data_preprocessed\IBF\images\Warung Sasak Gili Air_P9120215.JPG,0.9653400182723999,0.9823816418647766,0.9489117860794067,0.9737862944602966,0.582892656326294,0.5896191596984863,0.4146638810634613,0.5862365961074829
..\data_preprocessed\IBF\images\Warung Sasak Gili Air_P9120216.JPG,0.9680832624435425,0.9876404404640198,0.9564955234527588,0.9777640700340271,0.6257690787315369,0.6217221617698669,0.45321279764175415,0.6237390637397766
..\data_preprocessed\IBF\images\Warung Sasak Gili Air_P9120218.JPG,0.9703376293182373,0.9895128607749939,0.9604603052139282,0.9798313975334167,0.6443294286727905,0.636022686958313,0.47074946761131287,0.6401491165161133
..\data_preprocessed\IBF\images\Warung Sasak Gili Air_P9120219.JPG,0.972226619720459,0.9879264235496521,0.9608105421066284,0.9800136685371399,0.6557497382164001,0.6502638459205627,0.4847757816314697,0.6529952883720398
..\data_preprocessed\IBF\images\Warung Sasak Gili Air_P9120220.JPG,0.9775291085243225,0.9882647395133972,0.9663123488426208,0.9828675985336304,0.6879018545150757,0.6786527633666992,0.5188866257667542,0.6832460165023804
..\data_preprocessed\IBF\images\Warung Sasak Gili Air_P9120222.JPG,0.9696236252784729,0.9898137450218201,0.9600438475608826,0.9796146750450134,0.5931867361068726,0.5830878615379333,0.41652482748031616,0.5880939364433289
..\data_preprocessed\IBF\images\Warung Sasak Gili Air_P9120223.JPG,0.968389630317688,0.9894471168518066,0.9584900140762329,0.9788051247596741,0.5539652109146118,0.5483073592185974,0.38037827610969543,0.5511217713356018
..\data_preprocessed\IBF\images\Warung Sasak Gili Air_P9120224.JPG,0.9732242822647095,0.9910350441932678,0.964730978012085,0.9820489287376404,0.6312763690948486,0.6234176158905029,0.4570063054561615,0.6273223757743835
..\data_preprocessed\IBF\images\Warung Sasak Gili Air_P9120225.JPG,0.9774840474128723,0.9890721440315247,0.9670401811599731,0.9832439422607422,0.7222614884376526,0.7166586518287659,0.5618278384208679,0.7194491624832153
..\data_preprocessed\IBF\images\Warung Sasak Gili Air_P9120226.JPG,0.9735047221183777,0.9767257571220398,0.9514338374137878,0.9751125574111938,0.6199927926063538,0.6073633432388306,0.44259873032569885,0.6136130690574646
..\data_preprocessed\IBF\images\Warung Sasak Gili Air_P9120227.JPG,0.9711048007011414,0.9861124157905579,0.9580029249191284,0.9785510897636414,0.6174294948577881,0.6144184470176697,0.4450035095214844,0.6159203052520752
..\data_preprocessed\IBF\images\Warung Sasak Gili Air_P9120228.JPG,0.9781816005706787,0.9874125123023987,0.9661340713500977,0.9827753901481628,0.6830178499221802,0.6709043979644775,0.5116094350814819,0.676906943321228
..\data_preprocessed\IBF\images\Warung Sasak Gili Air_P9120230.JPG,0.9507865309715271,0.9876729846000671,0.93963623046875,0.9688788056373596,0.5207488536834717,0.5247783064842224,0.35387229919433594,0.5227558016777039
..\data_preprocessed\IBF\images\Warung Sasak Gili Air_P9120232.JPG,0.9565077424049377,0.9860112071037292,0.9437015056610107,0.9710354208946228,0.6721937656402588,0.7056279182434082,0.524977445602417,0.6885051727294922
..\data_preprocessed\IBF\images\Warung Sasak Gili Air_P9120233.JPG,0.9680284261703491,0.9898685812950134,0.958531379699707,0.9788267016410828,0.6189672350883484,0.6184145212173462,0.4479016959667206,0.6186907291412354
..\data_preprocessed\IBF\images\Warung Sasak Gili Air_P9120234.JPG,0.9640244245529175,0.9876934289932251,0.9525823593139648,0.9757153987884521,0.5117315649986267,0.5005128383636475,0.33874186873435974,0.506060004234314
..\data_preprocessed\IBF\images\Warung Sasak Gili Air_P9120235.JPG,0.9686495661735535,0.9889523983001709,0.9582802057266235,0.9786956906318665,0.6302321553230286,0.6247225403785706,0.45715799927711487,0.6274652481079102
..\data_preprocessed\IBF\images\Warung Sasak Gili Air_P9120237.JPG,0.9700469970703125,0.9872744679450989,0.9580678343772888,0.978584885597229,0.5644723176956177,0.5594457387924194,0.3907700777053833,0.561947762966156
..\data_preprocessed\IBF\images\Warung Sasak Gili Air_P9120239.JPG,0.9782436490058899,0.9719806909561157,0.9514139294624329,0.9751021265983582,0.6678122282028198,0.6385612487792969,0.484625905752182,0.6528592705726624
..\data_preprocessed\IBF\images\Warung Sasak Gili Air_P9120240.JPG,0.9699140787124634,0.9828795790672302,0.9538000226020813,0.9763538241386414,0.621372401714325,0.6251704096794128,0.4527130424976349,0.6232656240463257
..\data_preprocessed\IBF\images\Warung Sasak Gili Air_P9120244.JPG,0.9773603081703186,0.9865339994430542,0.9644932150840759,0.9819257259368896,0.6845027804374695,0.6768351793289185,0.5158949494361877,0.6806473731994629
..\data_preprocessed\IBF\images\Warung Sasak Gili Air_P9120246.JPG,0.9618256092071533,0.9915114045143127,0.9539701342582703,0.9764429330825806,0.6487469673156738,0.6414868235588074,0.47611984610557556,0.645096480846405
..\data_preprocessed\IBF\images\Warung Sasak Gili Air_P9120248.JPG,0.9717344641685486,0.9899680614471436,0.9622589349746704,0.9807665348052979,0.6126220226287842,0.6047142744064331,0.4374450147151947,0.6086424589157104
..\data_preprocessed\IBF\images\Warung Sasak Gili Air_P9120250.JPG,0.968112051486969,0.983519971370697,0.9526582360267639,0.9757552146911621,0.5659449100494385,0.5631482601165771,0.3932846188545227,0.5645431280136108
..\data_preprocessed\IBF\images\Warung Sasak Gili Air_P9120252.JPG,0.9723188281059265,0.9884794354438782,0.9614238142967224,0.9803325533866882,0.6622458100318909,0.6573513746261597,0.49230289459228516,0.659789502620697
..\data_preprocessed\IBF\images\Warung Sasak Gili Air_P9120253.JPG,0.9687389731407166,0.9907669425010681,0.9600716233253479,0.9796290993690491,0.5962229371070862,0.586797297000885,0.4199226498603821,0.5914725661277771
..\data_preprocessed\IBF\images\Warung Sasak Gili Air_P9120254.JPG,0.973344624042511,0.9861382842063904,0.9602071642875671,0.9796996712684631,0.6613167524337769,0.6508994698524475,0.4881691634654999,0.6560667753219604
..\data_preprocessed\IBF\images\Warung Sasak Gili Air_P9120255.JPG,0.9802504777908325,0.986090362071991,0.9668811559677124,0.9831617474555969,0.6806416511535645,0.6757198572158813,0.5130559802055359,0.6781718134880066
..\data_preprocessed\IBF\images\Warung Sasak Gili Air_P9120257.JPG,0.9756688475608826,0.9839718341827393,0.9604052305221558,0.9798027873039246,0.5554080605506897,0.5447224974632263,0.3793230950832367,0.5500133633613586
..\data_preprocessed\IBF\images\Warung Sasak Gili Air_P9120258.JPG,0.957812488079071,0.9883979558944702,0.947163462638855,0.9728648662567139,0.595111072063446,0.5942979454994202,0.4231879413127899,0.5947042107582092
..\data_preprocessed\IBF\images\Warung Sasak Gili Air_P9120259.JPG,0.9681106805801392,0.9879751205444336,0.9568362236022949,0.9779420495033264,0.5781356692314148,0.566935122013092,0.4010317623615265,0.5724806189537048
..\data_preprocessed\IBF\images\Warung Sasak Gili Air_P9120260.JPG,0.970689058303833,0.9870924353599548,0.9585224390029907,0.9788220524787903,0.6563016176223755,0.6535074710845947,0.48688003420829773,0.6549015641212463
..\data_preprocessed\IBF\images\Warung Sasak Gili Air_P9120261.JPG,0.9661278128623962,0.9901321530342102,0.9569140672683716,0.9779826998710632,0.5851966142654419,0.5782716870307922,0.4101523756980896,0.5817135572433472
..\data_preprocessed\IBF\images\Warung Sasak Gili Air_P9120262.JPG,0.9781202077865601,0.9840891361236572,0.9628926515579224,0.981095552444458,0.6445753574371338,0.636603593826294,0.47119906544685364,0.6405646800994873
..\data_preprocessed\IBF\images\Warung Sasak Gili Air_P9120263.JPG,0.9665247201919556,0.9928876757621765,0.9598789811134338,0.9795288443565369,0.5984702706336975,0.5902520418167114,0.4228118360042572,0.594332754611969
..\data_preprocessed\IBF\images\Warung Sasak Gili Air_P9120265.JPG,0.9742736220359802,0.9855933785438538,0.9605936408042908,0.9799007773399353,0.6032562851905823,0.5953183174133301,0.42781779170036316,0.5992610454559326
..\data_preprocessed\IBF\images\Zona Inti Meno 2_PB100580.JPG,0.9723228216171265,0.9934752583503723,0.9661531448364258,0.9827852249145508,0.6677945852279663,0.6581624150276184,0.49582311511039734,0.6629435420036316
..\data_preprocessed\IBF\images\Zona Inti Meno 2_PB100581.JPG,0.9736841320991516,0.9922277927398682,0.9663141369819641,0.9828685522079468,0.6742977499961853,0.6663695573806763,0.5041102170944214,0.6703101992607117
..\data_preprocessed\IBF\images\Zona Inti Meno 2_PB100582.JPG,0.9695610404014587,0.9928736090660095,0.9628604650497437,0.9810788631439209,0.6495788097381592,0.6399219036102295,0.47570350766181946,0.6447141766548157
..\data_preprocessed\IBF\images\Zona Inti Meno 2_PB100583.JPG,0.963729977607727,0.9912068843841553,0.955560564994812,0.9772753119468689,0.6514820456504822,0.644146203994751,0.47906386852264404,0.6477933526039124
..\data_preprocessed\IBF\images\Zona Inti Meno 2_PB100585.JPG,0.9631916284561157,0.993898868560791,0.9575300812721252,0.9783043265342712,0.5463967323303223,0.5380789637565613,0.3719359040260315,0.5422059297561646
..\data_preprocessed\IBF\images\Zona Inti Meno 2_PB100586.JPG,0.9655443429946899,0.9902632236480713,0.9564639329910278,0.9777475595474243,0.6305829882621765,0.6170242428779602,0.45320314168930054,0.623729944229126
..\data_preprocessed\IBF\images\Zona Inti Meno 2_PB100587.JPG,0.9645833373069763,0.989818274974823,0.9551066756248474,0.9770379066467285,0.550199568271637,0.5436902046203613,0.3763919174671173,0.5469254851341248
..\data_preprocessed\IBF\images\Zona Inti Meno 2_PB100588.JPG,0.9699642658233643,0.9896379113197327,0.9602122902870178,0.979702353477478,0.6277680993080139,0.6191514134407043,0.45288652181625366,0.6234300136566162
..\data_preprocessed\IBF\images\Zona Inti Meno 2_PB100589.JPG,0.9673053026199341,0.9895976185798645,0.9575686454772949,0.9783244729042053,0.5795571208000183,0.5727079510688782,0.40460506081581116,0.5761122107505798
..\data_preprocessed\IBF\images\Zona Inti Meno 2_PB100590.JPG,0.9671340584754944,0.9926732778549194,0.9602794051170349,0.9797372817993164,0.5996832251548767,0.5911795496940613,0.4238939583301544,0.5954010486602783
..\data_preprocessed\IBF\images\Zona Inti Meno 2_PB100591.JPG,0.9701524376869202,0.9904289245605469,0.9611415863037109,0.9801858067512512,0.6276081800460815,0.6342907547950745,0.4608475863933563,0.6309317946434021
..\data_preprocessed\IBF\images\Zona Inti Meno 2_PB100592.JPG,0.9683374762535095,0.9926161170005798,0.9614121913909912,0.9803265333175659,0.6891698241233826,0.6944377422332764,0.528810977935791,0.6917937994003296
..\data_preprocessed\IBF\images\Zona Inti Meno 2_PB100593.JPG,0.9703136682510376,0.9892147779464722,0.9601560235023499,0.9796730279922485,0.6415510177612305,0.6438583731651306,0.47351643443107605,0.6427026391029358
..\data_preprocessed\IBF\images\Zona Inti Meno 2_PB100594.JPG,0.9761561751365662,0.9931732416152954,0.9696499705314636,0.9845911860466003,0.7039581537246704,0.6922953128814697,0.5361903309822083,0.6980780363082886
..\data_preprocessed\IBF\images\Zona Inti Meno 2_PB100595.JPG,0.972422182559967,0.9832073450088501,0.9565356373786926,0.977785050868988,0.6255277395248413,0.6179479360580444,0.4510784149169922,0.62171471118927
..\data_preprocessed\IBF\images\Zona Inti Meno 2_PB100596.JPG,0.974613606929779,0.9932878613471985,0.9682368636131287,0.9838621020317078,0.7232449054718018,0.7125406265258789,0.5598833560943604,0.7178528904914856
..\data_preprocessed\IBF\images\Zona Inti Meno 2_PB100597.JPG,0.9692869782447815,0.9897617101669312,0.9596648812294006,0.9794173240661621,0.6130572557449341,0.6169649362564087,0.4440484046936035,0.6150048971176147
..\data_preprocessed\IBF\images\Zona Inti Meno 2_PB100598.JPG,0.9791540503501892,0.9898440837860107,0.9694150686264038,0.9844700694084167,0.660750150680542,0.6503665447235107,0.48756086826324463,0.6555172204971313
..\data_preprocessed\IBF\images\Zona Inti Meno 2_PB100599.JPG,0.9735748767852783,0.989605188369751,0.9637194275856018,0.9815245866775513,0.6148697733879089,0.6148101687431335,0.4438764750957489,0.6148399710655212
..\data_preprocessed\IBF\images\Zona Inti Meno 2_PB100600.JPG,0.9673686623573303,0.989651620388031,0.9576813578605652,0.9783833026885986,0.5674179792404175,0.5690353512763977,0.3968680202960968,0.5682255029678345
..\data_preprocessed\IBF\images\Zona Inti Meno 2_PB100601.JPG,0.9769420623779297,0.9875510334968567,0.9650571942329407,0.9822179079055786,0.6857357621192932,0.683050274848938,0.5202077627182007,0.6843903660774231
..\data_preprocessed\IBF\images\Zona Inti Meno 2_PB100602.JPG,0.9758421778678894,0.9908784031867981,0.9671540856361389,0.9833028316497803,0.6119441390037537,0.6025711894035339,0.435978502035141,0.6072214841842651
..\data_preprocessed\IBF\images\Zona Inti Meno 2_PB100603.JPG,0.9773021340370178,0.9953556656837463,0.9728657603263855,0.9862462878227234,0.6143225431442261,0.602952778339386,0.4373852610588074,0.6085845828056335
..\data_preprocessed\IBF\images\Zona Inti Meno 2_PB100604.JPG,0.9679335355758667,0.9906405210494995,0.9591620564460754,0.979155421257019,0.5766440629959106,0.5767527222633362,0.4051835536956787,0.576698362827301
..\data_preprocessed\IBF\images\Zona Inti Meno 2_PB100605.JPG,0.9711884260177612,0.9907793402671814,0.962489128112793,0.9808861017227173,0.648281991481781,0.6412712335586548,0.47575071454048157,0.6447575688362122
..\data_preprocessed\IBF\images\Zona Inti Meno 2_PB100606.JPG,0.9704239368438721,0.9939270615577698,0.9647038578987122,0.9820348620414734,0.6492506265640259,0.6406242847442627,0.47591522336006165,0.644908607006073
..\data_preprocessed\IBF\images\Zona Inti Meno 2_PB100607.JPG,0.9720034003257751,0.9919078946113586,0.9643563032150269,0.9818547964096069,0.6320856213569641,0.6239809989929199,0.4577335715293884,0.628007173538208
..\data_preprocessed\IBF\images\Zona Inti Meno 2_PB100608.JPG,0.9741463661193848,0.9871581196784973,0.9619558453559875,0.9806090593338013,0.6102027893066406,0.6021334528923035,0.43486565351486206,0.6061412692070007
..\data_preprocessed\IBF\images\Zona Inti Meno 2_PB100609.JPG,0.9755107164382935,0.9903081059455872,0.9662855267524719,0.9828537106513977,0.7103548049926758,0.6973353624343872,0.5429537296295166,0.7037848830223083
..\data_preprocessed\IBF\images\Zona Inti Meno 2_PB100610.JPG,0.9753282070159912,0.991145133972168,0.9669030904769897,0.9831730723381042,0.6941350698471069,0.6857990622520447,0.5266498327255249,0.6899418830871582
..\data_preprocessed\IBF\images\Zona Inti Meno 2_PB100611.JPG,0.9697320461273193,0.9909513592720032,0.9612205624580383,0.9802268743515015,0.7020050883293152,0.6903747916221619,0.5339086055755615,0.6961413621902466
..\data_preprocessed\IBF\images\Zona Inti Meno 2_PB100612.JPG,0.9747030735015869,0.9916491508483887,0.9667676687240601,0.9831030964851379,0.658423900604248,0.6533938050270081,0.48798367381095886,0.6558992266654968
..\data_preprocessed\IBF\images\Zona Inti Meno 2_PB100613.JPG,0.9691975116729736,0.9920118451118469,0.9616920351982117,0.9804719686508179,0.6558762192726135,0.6516684889793396,0.48562535643577576,0.6537655591964722
..\data_preprocessed\IBF\images\Zona Inti Meno 2_PB100614.JPG,0.9769458174705505,0.9844993948936462,0.9621464014053345,0.9807080626487732,0.5745802521705627,0.5749551653862,0.4032799303531647,0.5747676491737366
..\data_preprocessed\IBF\images\Zona Inti Meno 2_PB100615.JPG,0.9780088067054749,0.9874085187911987,0.965961754322052,0.9826862215995789,0.6459188461303711,0.6317174434661865,0.4692261815071106,0.6387392282485962
..\data_preprocessed\IBF\images\Zona Inti Meno 2_PB100616.JPG,0.9738953709602356,0.9925612807273865,0.9668385982513428,0.9831397533416748,0.6896629333496094,0.6777368783950806,0.5193503499031067,0.6836479306221008
..\data_preprocessed\IBF\images\Zona Inti Meno 2_PB100617.JPG,0.970062792301178,0.9924322366714478,0.9629397392272949,0.9811199903488159,0.6222780346870422,0.6040511131286621,0.44199132919311523,0.6130291223526001
..\data_preprocessed\IBF\images\Zona Inti Meno 2_PB100618.JPG,0.9700217843055725,0.9914641380310059,0.9619879722595215,0.9806257486343384,0.623503565788269,0.6206246018409729,0.45144280791282654,0.6220607757568359
..\data_preprocessed\IBF\images\Zona Inti Meno 2_PB100619.JPG,0.973835289478302,0.9909760355949402,0.9652753472328186,0.9823309183120728,0.672432005405426,0.6709813475608826,0.5056906342506409,0.6717059016227722
..\data_preprocessed\IBF\images\Zona Inti Meno 2_PB100620.JPG,0.9791961908340454,0.9908258318901062,0.9703981280326843,0.9849767088890076,0.7227595448493958,0.7124836444854736,0.559557318687439,0.7175848484039307
..\data_preprocessed\IBF\images\Zona Inti Meno 2_PB100621.JPG,0.9759661555290222,0.9909642934799194,0.9673576951026917,0.9834080338478088,0.6832045912742615,0.6788501739501953,0.5163236856460571,0.6810204386711121
..\data_preprocessed\IBF\images\Zona Inti Meno 2_PB100622.JPG,0.9610304832458496,0.9910314083099365,0.9527443647384644,0.9758003950119019,0.6389222145080566,0.6606247425079346,0.48103415966033936,0.6495922803878784
..\data_preprocessed\IBF\images\Zona Inti Meno 2_PB100623.JPG,0.9772520661354065,0.9895442128181458,0.9672641754150391,0.9833597540855408,0.646590530872345,0.6470811367034912,0.4780171513557434,0.6468357443809509
..\data_preprocessed\IBF\images\Zona Inti Meno 2_PB100624.JPG,0.9736330509185791,0.9904775023460388,0.964603841304779,0.9819830656051636,0.575335681438446,0.5670770406723022,0.39975303411483765,0.5711765289306641
..\data_preprocessed\IBF\images\Zona Inti Meno 2_PB100625.JPG,0.9731076955795288,0.9884452223777771,0.9621626734733582,0.9807165265083313,0.7270938158035278,0.735066831111908,0.5761169195175171,0.7310585975646973
..\data_preprocessed\IBF\images\Zona Inti Meno 2_PB100626.JPG,0.9590004682540894,0.9946544170379639,0.9540831446647644,0.9765021204948425,0.5634675025939941,0.5502588748931885,0.3857947587966919,0.5567848682403564
..\data_preprocessed\IBF\images\Zona Inti Meno 2_PB100627.JPG,0.9730111360549927,0.9916239380836487,0.9650793075561523,0.9822293519973755,0.6272620558738708,0.6162438988685608,0.4510672688484192,0.6217041611671448
..\data_preprocessed\IBF\images\Zona Inti Meno 2_PB100628.JPG,0.9722086191177368,0.9902991652488708,0.9630370140075684,0.9811705350875854,0.6210313439369202,0.6096333861351013,0.44433486461639404,0.6152795553207397
..\data_preprocessed\IBF\images\Zona Inti Meno 2_PB100629.JPG,0.9674454927444458,0.9956362247467041,0.963360607624054,0.9813384413719177,0.6017522215843201,0.585935115814209,0.4222104251384735,0.593738317489624
..\data_preprocessed\IBF\images\Zona Inti Meno 2_PB100630.JPG,0.9675242900848389,0.9933993220329285,0.9613440036773682,0.9802910685539246,0.5949938297271729,0.5832012295722961,0.41747310757637024,0.5890384912490845
..\data_preprocessed\IBF\images\Zona Inti Meno 2_PB100631.JPG,0.9656766057014465,0.9923871159553528,0.9585754871368408,0.9788496494293213,0.5696653723716736,0.5566738843917847,0.39188018441200256,0.5630946755409241
..\data_preprocessed\IBF\images\Zona Inti Meno 2_PB100632.JPG,0.9728333353996277,0.9925016760826111,0.9657354354858398,0.9825690984725952,0.6180385947227478,0.6048596501350403,0.4402768909931183,0.6113781332969666
..\data_preprocessed\IBF\images\Zona Inti Meno 2_PB100633.JPG,0.9720739126205444,0.9928022027015686,0.9652711749076843,0.9823287129402161,0.6238672137260437,0.6125775575637817,0.4473569095134735,0.6181708574295044
..\data_preprocessed\IBF\images\Zona Rehabilitasi Air_P9120274.JPG,0.9683083295822144,0.9900858998298645,0.9590097665786743,0.9790760278701782,0.6374269127845764,0.6236306428909302,0.46033722162246704,0.6304532885551453
..\data_preprocessed\IBF\images\Zona Rehabilitasi Air_P9120276.JPG,0.9652758240699768,0.9932290315628052,0.9589654803276062,0.9790529608726501,0.6768473982810974,0.6696410179138184,0.5074145197868347,0.673224925994873
..\data_preprocessed\IBF\images\Zona Rehabilitasi Air_P9120278.JPG,0.9698352813720703,0.9870921969413757,0.9576897025108337,0.9783876538276672,0.5576362013816833,0.5467798709869385,0.38136303424835205,0.5521546602249146
..\data_preprocessed\IBF\images\Zona Rehabilitasi Air_P9120280.JPG,0.9544124603271484,0.9644027948379517,0.921934187412262,0.959381639957428,0.5673242807388306,0.511593759059906,0.36800745129585266,0.5380196571350098
..\data_preprocessed\IBF\images\Zona Rehabilitasi Air_P9120286.JPG,0.9588128328323364,0.9759220480918884,0.9366554617881775,0.9672917723655701,0.5777963995933533,0.5349582433700562,0.38461270928382874,0.5555527806282043
..\data_preprocessed\IBF\images\Zona Rehabilitasi Air_P9120287.JPG,0.9611308574676514,0.9879848957061768,0.9500264525413513,0.9743728637695312,0.5674381256103516,0.5670610070228577,0.3959164619445801,0.5672495365142822
..\data_preprocessed\IBF\images\Zona Rehabilitasi Air_P9120288.JPG,0.9649578332901001,0.9909079074859619,0.9564890265464783,0.9777606725692749,0.6293676495552063,0.6207913756370544,0.45459845662117004,0.6250500679016113
..\data_preprocessed\IBF\images\Zona Rehabilitasi Air_P9120289.JPG,0.9634485244750977,0.9879845976829529,0.9522905945777893,0.975562334060669,0.6068055629730225,0.5945722460746765,0.4292111396789551,0.6006266474723816
..\data_preprocessed\IBF\images\Zona Rehabilitasi Air_P9120290.JPG,0.9630014896392822,0.991418182849884,0.955040454864502,0.977003276348114,0.5926297307014465,0.5813899040222168,0.41538411378860474,0.5869560241699219
..\data_preprocessed\IBF\images\Zona Rehabilitasi Air_P9120291.JPG,0.9531717896461487,0.9962220191955566,0.9497387409210205,0.9742215275764465,0.5132763385772705,0.5001558661460876,0.33925390243530273,0.5066311955451965
..\data_preprocessed\IBF\images\Zona Rehabilitasi Air_P9120292.JPG,0.9672909379005432,0.9878520965576172,0.9559202194213867,0.97746342420578,0.5949822664260864,0.586483359336853,0.41914650797843933,0.5907022356987
..\data_preprocessed\IBF\images\Zona Rehabilitasi Air_P9120293.JPG,0.975441038608551,0.9883525967597961,0.9643555283546448,0.9818543791770935,0.6622984409332275,0.6538814306259155,0.49038296937942505,0.6580630540847778
..\data_preprocessed\IBF\images\Zona Rehabilitasi Air_P9120294.JPG,0.9639763832092285,0.9909482598304749,0.9555623531341553,0.9772762656211853,0.5444183945655823,0.5355758666992188,0.3698263466358185,0.5399609208106995
..\data_preprocessed\IBF\images\Zona Rehabilitasi Air_P9120295.JPG,0.9646124839782715,0.9914456605911255,0.95665043592453,0.9778450131416321,0.5718738436698914,0.5589661002159119,0.39406463503837585,0.5653463006019592
..\data_preprocessed\IBF\images\Zona Rehabilitasi Air_P9120297.JPG,0.9688989520072937,0.9917271733283997,0.961130678653717,0.9801801443099976,0.6442864537239075,0.63132643699646,0.4681491553783417,0.6377406120300293
..\data_preprocessed\IBF\images\Zona Rehabilitasi Air_P9120300.JPG,0.9519230723381042,0.993981659412384,0.9464678764343262,0.972497820854187,0.5452390313148499,0.5304008722305298,0.36772486567497253,0.5377175807952881
..\data_preprocessed\IBF\images\Zona Rehabilitasi Air_P9120302.JPG,0.9687421321868896,0.9909119009971619,0.9602108597755432,0.9797016382217407,0.6264829635620117,0.6166037917137146,0.4508567154407501,0.6215041279792786
..\data_preprocessed\IBF\images\Zona Rehabilitasi Air_P9120303.JPG,0.968772828578949,0.9685611724853516,0.9392378926277161,0.9686670303344727,0.5508496165275574,0.5066145658493042,0.35851743817329407,0.5278068780899048
..\data_preprocessed\IBF\images\Zona Rehabilitasi Air_P9120304.JPG,0.9622035622596741,0.9937440752983093,0.9564102292060852,0.9777194857597351,0.6155184507369995,0.5935743451118469,0.4330212473869324,0.604347288608551
..\data_preprocessed\IBF\images\Zona Rehabilitasi Air_P9120305.JPG,0.9808244705200195,0.9854868650436401,0.9668586850166321,0.9831501245498657,0.6032497882843018,0.5939571261405945,0.42711105942726135,0.5985673666000366
..\data_preprocessed\IBF\images\Zona Rehabilitasi Air_P9120308.JPG,0.9745732545852661,0.9858101010322571,0.9610909223556519,0.9801594614982605,0.6591478586196899,0.6457644701004028,0.484106183052063,0.6523875594139099
..\data_preprocessed\IBF\images\Zona Rehabilitasi Air_P9120309.JPG,0.9772656559944153,0.9881125688552856,0.965909481048584,0.9826591610908508,0.672109067440033,0.6624811887741089,0.5006682872772217,0.6672604084014893
..\data_preprocessed\IBF\images\Zona Rehabilitasi Air_P9120311.JPG,0.9673824310302734,0.9891027808189392,0.9571808576583862,0.9781220555305481,0.6202408671379089,0.6083932518959045,0.4432721436023712,0.6142599582672119
..\data_preprocessed\IBF\images\Zona Rehabilitasi Air_P9120314.JPG,0.9751921892166138,0.988861620426178,0.964596688747406,0.9819793701171875,0.690734326839447,0.6805044412612915,0.5215851068496704,0.6855812072753906
..\data_preprocessed\IBF\images\Zona Rehabilitasi Air_P9120317.JPG,0.9609573483467102,0.9843469858169556,0.9464938640594482,0.9725115299224854,0.5154420733451843,0.5005380511283875,0.3403754234313965,0.5078807473182678
..\data_preprocessed\IBF\images\Zona Rehabilitasi Air_P9120318.JPG,0.9731667637825012,0.9877436757087708,0.961555540561676,0.9804010391235352,0.6495844721794128,0.6434059143066406,0.477629154920578,0.6464804410934448
..\data_preprocessed\IBF\images\Zona Rehabilitasi Air_P9120319.JPG,0.972987174987793,0.9894264340400696,0.9629743099212646,0.9811379909515381,0.6600028276443481,0.6522709131240845,0.48822158575057983,0.6561141014099121
..\data_preprocessed\IBF\images\Zona Rehabilitasi Air_P9120320.JPG,0.9644847512245178,0.9911946058273315,0.956291139125824,0.9776572585105896,0.6023013591766357,0.5930038094520569,0.4261433780193329,0.59761643409729
..\data_preprocessed\IBF\images\Zona Rehabilitasi Air_P9120321.JPG,0.964873194694519,0.9913725852966309,0.956838846206665,0.9779434204101562,0.5620619058609009,0.5532509684562683,0.38659873604774475,0.5576216578483582
..\data_preprocessed\IBF\images\Zona Rehabilitasi Air_P9120322.JPG,0.9577073454856873,0.9850217700004578,0.9439606070518494,0.971172571182251,0.5614697337150574,0.54190993309021,0.38075441122055054,0.5515164732933044
..\data_preprocessed\IBF\images\Zona Rehabilitasi Air_P9120323.JPG,0.9643264412879944,0.98995041847229,0.9549776911735535,0.9769704341888428,0.5609186291694641,0.5469354391098022,0.3829716742038727,0.5538387894630432
..\data_preprocessed\IBF\images\Zona Rehabilitasi Air_P9120326.JPG,0.9552682042121887,0.9800601005554199,0.9370560646057129,0.9675053358078003,0.6196092367172241,0.5736194849014282,0.4242255985736847,0.5957280993461609
..\data_preprocessed\IBF\images\Zona Rehabilitasi Air_P9120327.JPG,0.9646247625350952,0.9930222630500793,0.958130419254303,0.9786175489425659,0.5324112176895142,0.5363560914993286,0.3646068274974823,0.5343763828277588
..\data_preprocessed\IBF\images\Zona Rehabilitasi Air_P9120331.JPG,0.9725187420845032,0.975330650806427,0.9491708278656006,0.9739226698875427,0.5368213653564453,0.5518785715103149,0.37385833263397217,0.5442458391189575
..\data_preprocessed\IBF\images\Zona Rehabilitasi Air_P9120333.JPG,0.9613564014434814,0.9899884462356567,0.9521000981330872,0.9754623770713806,0.6197807192802429,0.6129774451255798,0.44546303153038025,0.6163603067398071
..\data_preprocessed\IBF\images\Zona Rehabilitasi Air_P9120334.JPG,0.9717496037483215,0.9898645281791687,0.9621759653091431,0.9807234406471252,0.625232458114624,0.6106019020080566,0.4470006227493286,0.6178305745124817
..\data_preprocessed\IBF\images\Zona Rehabilitasi Air_P9120335.JPG,0.9833981394767761,0.9790709018707275,0.9631511569023132,0.9812297821044922,0.6294254064559937,0.6216760277748108,0.4551028609275818,0.6255267262458801
..\data_preprocessed\IBF\images\Zona Rehabilitasi Air_P9120336.JPG,0.9677273035049438,0.9884476065635681,0.9569045305252075,0.9779777526855469,0.5856549143791199,0.5659587383270264,0.4041377902030945,0.5756383538246155
..\data_preprocessed\IBF\images\Zona Rehabilitasi Air_P9120337.JPG,0.968498945236206,0.9937446117401123,0.9626302719116211,0.9809593558311462,0.5816549062728882,0.5666167140007019,0.4025612771511078,0.5740373730659485
..\data_preprocessed\IBF\images\Zona Rehabilitasi Air_P9120338.JPG,0.9731266498565674,0.9875048995018005,0.9612900614738464,0.9802630543708801,0.6158159375190735,0.6033664345741272,0.4383600950241089,0.609527587890625
..\data_preprocessed\IBF\images\Zona Rehabilitasi Air_P9120339.JPG,0.9725605845451355,0.9909182190895081,0.9639682173728943,0.9816535711288452,0.6794677972793579,0.6706402897834778,0.5094626545906067,0.6750251650810242
..\data_preprocessed\IBF\images\Zona Rehabilitasi Air_P9120343.JPG,0.9665760397911072,0.9885954260826111,0.9559170603752136,0.9774617552757263,0.6038625240325928,0.5934838056564331,0.427172988653183,0.5986281633377075
..\data_preprocessed\IBF\images\Zona Rehabilitasi Air_P9120344.JPG,0.9724529981613159,0.986175000667572,0.9593742489814758,0.9792659282684326,0.6252959370613098,0.6245861053466797,0.45448288321495056,0.6249408721923828
..\data_preprocessed\IBF\images\Zona Rehabilitasi Air_P9120345.JPG,0.9687598943710327,0.9805331230163574,0.9504792094230652,0.9746109843254089,0.6330201029777527,0.586258590221405,0.43754854798316956,0.6087426543235779
..\data_preprocessed\IBF\images\Zona Rehabilitasi Air_P9120347.JPG,0.9754005670547485,0.9855983257293701,0.9616938829421997,0.9804729223251343,0.6921959519386292,0.6969788670539856,0.5320730209350586,0.6945791840553284
..\data_preprocessed\IBF\images\Zona Rehabilitasi Air_P9120348.JPG,0.9753884673118591,0.9912595748901367,0.9670712351799011,0.9832599759101868,0.6983084082603455,0.6890197396278381,0.5309633612632751,0.6936330199241638
